emission_band,type_of_fuel,engine_capacity_cc,reg_count
Band  A,Petrol,Up to 900 cc,0
Band  A,Petrol,901-1000 cc,533
Band  A,Petrol,1001-1300 cc,224
Band  A,Petrol,1301-1400 cc,23
Band  A,Petrol,1401-1500 cc,0
Band  A,Petrol,1501-1600 cc,0
Band  A,Petrol,1601-2000 cc,0
Band  A,Petrol,2001-2400 cc,0
Band  A,Petrol,>2400 cc,0
Band  A,Diesel,Up to 900 cc,0
Band  A,Diesel,901-1000 cc,0
Band  A,Diesel,1001-1300 cc,45
Band  A,Diesel,1301-1400 cc,364
Band  A,Diesel,1401-1500 cc,848
Band  A,Diesel,1501-1600 cc,2266
Band  A,Diesel,1601-2000 cc,162
Band  A,Diesel,2001-2400 cc,0
Band  A,Diesel,>2400 cc,0
Band  A,Petrol and electric hybrid,Up to 900 cc,0
Band  A,Petrol and electric hybrid,901-1000 cc,0
Band  A,Petrol and electric hybrid,1001-1300 cc,0
Band  A,Petrol and electric hybrid,1301-1400 cc,41
Band  A,Petrol and electric hybrid,1401-1500 cc,0
Band  A,Petrol and electric hybrid,1501-1600 cc,0
Band  A,Petrol and electric hybrid,1601-2000 cc,55
Band  A,Petrol and electric hybrid,2001-2400 cc,0
Band  A,Petrol and electric hybrid,>2400 cc,0
Band  A,Ethanol and petrol,Up to 900 cc,0
Band  A,Ethanol and petrol,901-1000 cc,0
Band  A,Ethanol and petrol,1001-1300 cc,0
Band  A,Ethanol and petrol,1301-1400 cc,0
Band  A,Ethanol and petrol,1401-1500 cc,0
Band  A,Ethanol and petrol,1501-1600 cc,0
Band  A,Ethanol and petrol,1601-2000 cc,0
Band  A,Ethanol and petrol,2001-2400 cc,0
Band  A,Ethanol and petrol,>2400 cc,0
Band  A,Other fuel types,Up to 900 cc,1
Band  A,Other fuel types,901-1000 cc,0
Band  A,Other fuel types,1001-1300 cc,0
Band  A,Other fuel types,1301-1400 cc,0
Band  A,Other fuel types,1401-1500 cc,0
Band  A,Other fuel types,1501-1600 cc,0
Band  A,Other fuel types,1601-2000 cc,0
Band  A,Other fuel types,2001-2400 cc,0
Band  A,Other fuel types,>2400 cc,0
Band  B,Petrol,Up to 900 cc,0
Band  B,Petrol,901-1000 cc,29
Band  B,Petrol,1001-1300 cc,2366
Band  B,Petrol,1301-1400 cc,597
Band  B,Petrol,1401-1500 cc,4
Band  B,Petrol,1501-1600 cc,20
Band  B,Petrol,1601-2000 cc,0
Band  B,Petrol,2001-2400 cc,0
Band  B,Petrol,>2400 cc,0
Band  B,Diesel,Up to 900 cc,0
Band  B,Diesel,901-1000 cc,0
Band  B,Diesel,1001-1300 cc,57
Band  B,Diesel,1301-1400 cc,322
Band  B,Diesel,1401-1500 cc,606
Band  B,Diesel,1501-1600 cc,578
Band  B,Diesel,1601-2000 cc,1995
Band  B,Diesel,2001-2400 cc,84
Band  B,Diesel,>2400 cc,0
Band  B,Petrol and electric hybrid,Up to 900 cc,0
Band  B,Petrol and electric hybrid,901-1000 cc,0
Band  B,Petrol and electric hybrid,1001-1300 cc,0
Band  B,Petrol and electric hybrid,1301-1400 cc,0
Band  B,Petrol and electric hybrid,1401-1500 cc,0
Band  B,Petrol and electric hybrid,1501-1600 cc,0
Band  B,Petrol and electric hybrid,1601-2000 cc,0
Band  B,Petrol and electric hybrid,2001-2400 cc,0
Band  B,Petrol and electric hybrid,>2400 cc,29
Band  B,Ethanol and petrol,Up to 900 cc,0
Band  B,Ethanol and petrol,901-1000 cc,0
Band  B,Ethanol and petrol,1001-1300 cc,504
Band  B,Ethanol and petrol,1301-1400 cc,0
Band  B,Ethanol and petrol,1401-1500 cc,0
Band  B,Ethanol and petrol,1501-1600 cc,0
Band  B,Ethanol and petrol,1601-2000 cc,0
Band  B,Ethanol and petrol,2001-2400 cc,0
Band  B,Ethanol and petrol,>2400 cc,0
Band  B,Other fuel types,Up to 900 cc,0
Band  B,Other fuel types,901-1000 cc,0
Band  B,Other fuel types,1001-1300 cc,0
Band  B,Other fuel types,1301-1400 cc,0
Band  B,Other fuel types,1401-1500 cc,0
Band  B,Other fuel types,1501-1600 cc,0
Band  B,Other fuel types,1601-2000 cc,0
Band  B,Other fuel types,2001-2400 cc,0
Band  B,Other fuel types,>2400 cc,0
Band  C,Petrol,Up to 900 cc,0
Band  C,Petrol,901-1000 cc,0
Band  C,Petrol,1001-1300 cc,10
Band  C,Petrol,1301-1400 cc,474
Band  C,Petrol,1401-1500 cc,52
Band  C,Petrol,1501-1600 cc,98
Band  C,Petrol,1601-2000 cc,31
Band  C,Petrol,2001-2400 cc,0
Band  C,Petrol,>2400 cc,3
Band  C,Diesel,Up to 900 cc,0
Band  C,Diesel,901-1000 cc,0
Band  C,Diesel,1001-1300 cc,2
Band  C,Diesel,1301-1400 cc,0
Band  C,Diesel,1401-1500 cc,50
Band  C,Diesel,1501-1600 cc,8
Band  C,Diesel,1601-2000 cc,988
Band  C,Diesel,2001-2400 cc,381
Band  C,Diesel,>2400 cc,2
Band  C,Petrol and electric hybrid,Up to 900 cc,0
Band  C,Petrol and electric hybrid,901-1000 cc,0
Band  C,Petrol and electric hybrid,1001-1300 cc,0
Band  C,Petrol and electric hybrid,1301-1400 cc,0
Band  C,Petrol and electric hybrid,1401-1500 cc,0
Band  C,Petrol and electric hybrid,1501-1600 cc,0
Band  C,Petrol and electric hybrid,1601-2000 cc,0
Band  C,Petrol and electric hybrid,2001-2400 cc,0
Band  C,Petrol and electric hybrid,>2400 cc,4
Band  C,Ethanol and petrol,Up to 900 cc,0
Band  C,Ethanol and petrol,901-1000 cc,0
Band  C,Ethanol and petrol,1001-1300 cc,0
Band  C,Ethanol and petrol,1301-1400 cc,0
Band  C,Ethanol and petrol,1401-1500 cc,0
Band  C,Ethanol and petrol,1501-1600 cc,0
Band  C,Ethanol and petrol,1601-2000 cc,0
Band  C,Ethanol and petrol,2001-2400 cc,0
Band  C,Ethanol and petrol,>2400 cc,0
Band  C,Other fuel types,Up to 900 cc,0
Band  C,Other fuel types,901-1000 cc,0
Band  C,Other fuel types,1001-1300 cc,0
Band  C,Other fuel types,1301-1400 cc,0
Band  C,Other fuel types,1401-1500 cc,0
Band  C,Other fuel types,1501-1600 cc,0
Band  C,Other fuel types,1601-2000 cc,0
Band  C,Other fuel types,2001-2400 cc,0
Band  C,Other fuel types,>2400 cc,0
Band  D,Petrol,Up to 900 cc,0
Band  D,Petrol,901-1000 cc,0
Band  D,Petrol,1001-1300 cc,18
Band  D,Petrol,1301-1400 cc,751
Band  D,Petrol,1401-1500 cc,76
Band  D,Petrol,1501-1600 cc,568
Band  D,Petrol,1601-2000 cc,111
Band  D,Petrol,2001-2400 cc,0
Band  D,Petrol,>2400 cc,0
Band  D,Diesel,Up to 900 cc,0
Band  D,Diesel,901-1000 cc,0
Band  D,Diesel,1001-1300 cc,0
Band  D,Diesel,1301-1400 cc,0
Band  D,Diesel,1401-1500 cc,0
Band  D,Diesel,1501-1600 cc,1
Band  D,Diesel,1601-2000 cc,341
Band  D,Diesel,2001-2400 cc,92
Band  D,Diesel,>2400 cc,3
Band  D,Petrol and electric hybrid,Up to 900 cc,0
Band  D,Petrol and electric hybrid,901-1000 cc,0
Band  D,Petrol and electric hybrid,1001-1300 cc,0
Band  D,Petrol and electric hybrid,1301-1400 cc,0
Band  D,Petrol and electric hybrid,1401-1500 cc,0
Band  D,Petrol and electric hybrid,1501-1600 cc,0
Band  D,Petrol and electric hybrid,1601-2000 cc,0
Band  D,Petrol and electric hybrid,2001-2400 cc,0
Band  D,Petrol and electric hybrid,>2400 cc,0
Band  D,Ethanol and petrol,Up to 900 cc,0
Band  D,Ethanol and petrol,901-1000 cc,0
Band  D,Ethanol and petrol,1001-1300 cc,0
Band  D,Ethanol and petrol,1301-1400 cc,0
Band  D,Ethanol and petrol,1401-1500 cc,0
Band  D,Ethanol and petrol,1501-1600 cc,8
Band  D,Ethanol and petrol,1601-2000 cc,6
Band  D,Ethanol and petrol,2001-2400 cc,0
Band  D,Ethanol and petrol,>2400 cc,0
Band  D,Other fuel types,Up to 900 cc,0
Band  D,Other fuel types,901-1000 cc,0
Band  D,Other fuel types,1001-1300 cc,0
Band  D,Other fuel types,1301-1400 cc,0
Band  D,Other fuel types,1401-1500 cc,0
Band  D,Other fuel types,1501-1600 cc,0
Band  D,Other fuel types,1601-2000 cc,0
Band  D,Other fuel types,2001-2400 cc,0
Band  D,Other fuel types,>2400 cc,0
Band  E,Petrol,Up to 900 cc,0
Band  E,Petrol,901-1000 cc,0
Band  E,Petrol,1001-1300 cc,0
Band  E,Petrol,1301-1400 cc,2
Band  E,Petrol,1401-1500 cc,2
Band  E,Petrol,1501-1600 cc,53
Band  E,Petrol,1601-2000 cc,83
Band  E,Petrol,2001-2400 cc,0
Band  E,Petrol,>2400 cc,1
Band  E,Diesel,Up to 900 cc,0
Band  E,Diesel,901-1000 cc,0
Band  E,Diesel,1001-1300 cc,0
Band  E,Diesel,1301-1400 cc,0
Band  E,Diesel,1401-1500 cc,0
Band  E,Diesel,1501-1600 cc,0
Band  E,Diesel,1601-2000 cc,207
Band  E,Diesel,2001-2400 cc,114
Band  E,Diesel,>2400 cc,76
Band  E,Petrol and electric hybrid,Up to 900 cc,0
Band  E,Petrol and electric hybrid,901-1000 cc,0
Band  E,Petrol and electric hybrid,1001-1300 cc,0
Band  E,Petrol and electric hybrid,1301-1400 cc,0
Band  E,Petrol and electric hybrid,1401-1500 cc,0
Band  E,Petrol and electric hybrid,1501-1600 cc,0
Band  E,Petrol and electric hybrid,1601-2000 cc,0
Band  E,Petrol and electric hybrid,2001-2400 cc,0
Band  E,Petrol and electric hybrid,>2400 cc,1
Band  E,Ethanol and petrol,Up to 900 cc,0
Band  E,Ethanol and petrol,901-1000 cc,0
Band  E,Ethanol and petrol,1001-1300 cc,0
Band  E,Ethanol and petrol,1301-1400 cc,0
Band  E,Ethanol and petrol,1401-1500 cc,0
Band  E,Ethanol and petrol,1501-1600 cc,0
Band  E,Ethanol and petrol,1601-2000 cc,1
Band  E,Ethanol and petrol,2001-2400 cc,0
Band  E,Ethanol and petrol,>2400 cc,0
Band  E,Other fuel types,Up to 900 cc,0
Band  E,Other fuel types,901-1000 cc,0
Band  E,Other fuel types,1001-1300 cc,0
Band  E,Other fuel types,1301-1400 cc,0
Band  E,Other fuel types,1401-1500 cc,0
Band  E,Other fuel types,1501-1600 cc,0
Band  E,Other fuel types,1601-2000 cc,0
Band  E,Other fuel types,2001-2400 cc,0
Band  E,Other fuel types,>2400 cc,0
Band  F,Petrol,Up to 900 cc,0
Band  F,Petrol,901-1000 cc,0
Band  F,Petrol,1001-1300 cc,0
Band  F,Petrol,1301-1400 cc,0
Band  F,Petrol,1401-1500 cc,0
Band  F,Petrol,1501-1600 cc,0
Band  F,Petrol,1601-2000 cc,28
Band  F,Petrol,2001-2400 cc,0
Band  F,Petrol,>2400 cc,7
Band  F,Diesel,Up to 900 cc,0
Band  F,Diesel,901-1000 cc,0
Band  F,Diesel,1001-1300 cc,0
Band  F,Diesel,1301-1400 cc,0
Band  F,Diesel,1401-1500 cc,0
Band  F,Diesel,1501-1600 cc,1
Band  F,Diesel,1601-2000 cc,20
Band  F,Diesel,2001-2400 cc,20
Band  F,Diesel,>2400 cc,55
Band  F,Petrol and electric hybrid,Up to 900 cc,0
Band  F,Petrol and electric hybrid,901-1000 cc,0
Band  F,Petrol and electric hybrid,1001-1300 cc,0
Band  F,Petrol and electric hybrid,1301-1400 cc,0
Band  F,Petrol and electric hybrid,1401-1500 cc,0
Band  F,Petrol and electric hybrid,1501-1600 cc,0
Band  F,Petrol and electric hybrid,1601-2000 cc,0
Band  F,Petrol and electric hybrid,2001-2400 cc,0
Band  F,Petrol and electric hybrid,>2400 cc,0
Band  F,Ethanol and petrol,Up to 900 cc,0
Band  F,Ethanol and petrol,901-1000 cc,0
Band  F,Ethanol and petrol,1001-1300 cc,0
Band  F,Ethanol and petrol,1301-1400 cc,0
Band  F,Ethanol and petrol,1401-1500 cc,0
Band  F,Ethanol and petrol,1501-1600 cc,0
Band  F,Ethanol and petrol,1601-2000 cc,4
Band  F,Ethanol and petrol,2001-2400 cc,0
Band  F,Ethanol and petrol,>2400 cc,0
Band  F,Other fuel types,Up to 900 cc,0
Band  F,Other fuel types,901-1000 cc,0
Band  F,Other fuel types,1001-1300 cc,0
Band  F,Other fuel types,1301-1400 cc,0
Band  F,Other fuel types,1401-1500 cc,0
Band  F,Other fuel types,1501-1600 cc,0
Band  F,Other fuel types,1601-2000 cc,0
Band  F,Other fuel types,2001-2400 cc,0
Band  F,Other fuel types,>2400 cc,0
Band  G,Petrol,Up to 900 cc,0
Band  G,Petrol,901-1000 cc,0
Band  G,Petrol,1001-1300 cc,0
Band  G,Petrol,1301-1400 cc,0
Band  G,Petrol,1401-1500 cc,0
Band  G,Petrol,1501-1600 cc,0
Band  G,Petrol,1601-2000 cc,1
Band  G,Petrol,2001-2400 cc,1
Band  G,Petrol,>2400 cc,9
Band  G,Diesel,Up to 900 cc,0
Band  G,Diesel,901-1000 cc,0
Band  G,Diesel,1001-1300 cc,0
Band  G,Diesel,1301-1400 cc,0
Band  G,Diesel,1401-1500 cc,0
Band  G,Diesel,1501-1600 cc,1
Band  G,Diesel,1601-2000 cc,1
Band  G,Diesel,2001-2400 cc,1
Band  G,Diesel,>2400 cc,30
Band  G,Petrol and electric hybrid,Up to 900 cc,0
Band  G,Petrol and electric hybrid,901-1000 cc,0
Band  G,Petrol and electric hybrid,1001-1300 cc,0
Band  G,Petrol and electric hybrid,1301-1400 cc,0
Band  G,Petrol and electric hybrid,1401-1500 cc,0
Band  G,Petrol and electric hybrid,1501-1600 cc,0
Band  G,Petrol and electric hybrid,1601-2000 cc,0
Band  G,Petrol and electric hybrid,2001-2400 cc,0
Band  G,Petrol and electric hybrid,>2400 cc,0
Band  G,Ethanol and petrol,Up to 900 cc,0
Band  G,Ethanol and petrol,901-1000 cc,0
Band  G,Ethanol and petrol,1001-1300 cc,0
Band  G,Ethanol and petrol,1301-1400 cc,0
Band  G,Ethanol and petrol,1401-1500 cc,0
Band  G,Ethanol and petrol,1501-1600 cc,0
Band  G,Ethanol and petrol,1601-2000 cc,0
Band  G,Ethanol and petrol,2001-2400 cc,0
Band  G,Ethanol and petrol,>2400 cc,0
Band  G,Other fuel types,Up to 900 cc,0
Band  G,Other fuel types,901-1000 cc,0
Band  G,Other fuel types,1001-1300 cc,0
Band  G,Other fuel types,1301-1400 cc,0
Band  G,Other fuel types,1401-1500 cc,0
Band  G,Other fuel types,1501-1600 cc,0
Band  G,Other fuel types,1601-2000 cc,0
Band  G,Other fuel types,2001-2400 cc,0
Band  G,Other fuel types,>2400 cc,0
Not available,Petrol,Up to 900 cc,0
Not available,Petrol,901-1000 cc,0
Not available,Petrol,1001-1300 cc,0
Not available,Petrol,1301-1400 cc,0
Not available,Petrol,1401-1500 cc,0
Not available,Petrol,1501-1600 cc,0
Not available,Petrol,1601-2000 cc,0
Not available,Petrol,2001-2400 cc,0
Not available,Petrol,>2400 cc,0
Not available,Diesel,Up to 900 cc,0
Not available,Diesel,901-1000 cc,0
Not available,Diesel,1001-1300 cc,0
Not available,Diesel,1301-1400 cc,0
Not available,Diesel,1401-1500 cc,0
Not available,Diesel,1501-1600 cc,0
Not available,Diesel,1601-2000 cc,1
Not available,Diesel,2001-2400 cc,1
Not available,Diesel,>2400 cc,1
Not available,Petrol and electric hybrid,Up to 900 cc,0
Not available,Petrol and electric hybrid,901-1000 cc,0
Not available,Petrol and electric hybrid,1001-1300 cc,0
Not available,Petrol and electric hybrid,1301-1400 cc,0
Not available,Petrol and electric hybrid,1401-1500 cc,0
Not available,Petrol and electric hybrid,1501-1600 cc,0
Not available,Petrol and electric hybrid,1601-2000 cc,0
Not available,Petrol and electric hybrid,2001-2400 cc,0
Not available,Petrol and electric hybrid,>2400 cc,0
Not available,Ethanol and petrol,Up to 900 cc,0
Not available,Ethanol and petrol,901-1000 cc,0
Not available,Ethanol and petrol,1001-1300 cc,0
Not available,Ethanol and petrol,1301-1400 cc,0
Not available,Ethanol and petrol,1401-1500 cc,0
Not available,Ethanol and petrol,1501-1600 cc,0
Not available,Ethanol and petrol,1601-2000 cc,0
Not available,Ethanol and petrol,2001-2400 cc,0
Not available,Ethanol and petrol,>2400 cc,0
Not available,Other fuel types,Up to 900 cc,0
Not available,Other fuel types,901-1000 cc,0
Not available,Other fuel types,1001-1300 cc,0
Not available,Other fuel types,1301-1400 cc,0
Not available,Other fuel types,1401-1500 cc,0
Not available,Other fuel types,1501-1600 cc,0
Not available,Other fuel types,1601-2000 cc,0
Not available,Other fuel types,2001-2400 cc,0
Not available,Other fuel types,>2400 cc,0
