"","vote","age","economic.cond.national","economic.cond.household","Blair","Hague","Kennedy","Europe","political.knowledge","gender"
"1","Liberal Democrat",43,3,3,4,1,4,2,2,"female"
"2","Labour",36,4,4,4,4,4,5,2,"male"
"3","Labour",35,4,4,5,2,3,3,2,"male"
"4","Labour",24,4,2,2,1,3,4,0,"female"
"5","Labour",41,2,2,1,1,4,6,2,"male"
"6","Labour",47,3,4,4,4,2,4,2,"male"
"7","Liberal Democrat",57,2,2,4,4,2,11,2,"male"
"8","Labour",77,3,4,4,1,4,1,0,"male"
"9","Labour",39,3,3,4,4,4,11,0,"female"
"10","Labour",70,3,2,5,1,1,11,2,"male"
"11","Labour",39,3,3,1,2,1,7,0,"female"
"12","Labour",66,4,3,4,4,4,9,2,"male"
"13","Labour",59,4,4,4,1,4,10,2,"female"
"14","Labour",66,3,3,2,5,4,8,0,"female"
"15","Labour",77,2,3,2,1,4,11,2,"female"
"16","Labour",51,4,4,4,4,4,5,0,"male"
"17","Labour",43,2,4,1,4,3,8,0,"female"
"18","Labour",41,4,4,5,4,2,7,2,"female"
"19","Labour",79,3,3,4,2,4,1,0,"male"
"20","Labour",37,3,1,1,1,4,5,2,"female"
"21","Labour",38,3,3,4,4,2,7,0,"male"
"22","Liberal Democrat",53,2,1,2,4,4,5,2,"male"
"23","Labour",59,3,3,4,2,2,1,2,"male"
"24","Conservative",44,2,4,4,4,4,9,2,"male"
"25","Conservative",60,3,2,4,4,4,2,2,"female"
"26","Labour",51,3,3,4,3,3,6,0,"female"
"27","Conservative",56,2,2,2,4,4,9,2,"female"
"28","Labour",51,3,2,4,2,4,2,2,"female"
"29","Labour",44,3,3,4,2,4,1,2,"male"
"30","Labour",61,4,3,5,1,2,1,2,"male"
"31","Labour",55,3,3,4,4,2,6,2,"female"
"32","Labour",66,3,2,2,2,2,6,0,"male"
"33","Labour",59,3,3,2,2,2,1,2,"female"
"34","Labour",62,4,3,4,2,2,1,2,"male"
"35","Conservative",76,3,4,4,4,4,3,2,"female"
"36","Labour",41,3,1,4,4,3,6,3,"female"
"37","Labour",27,2,2,2,2,3,7,0,"female"
"38","Labour",52,4,3,4,4,4,3,2,"male"
"39","Labour",48,3,3,4,4,3,11,0,"female"
"40","Conservative",72,1,3,2,2,2,11,2,"female"
"41","Labour",42,4,4,4,2,2,6,0,"female"
"42","Labour",48,3,2,4,2,2,4,0,"female"
"43","Labour",66,1,1,4,2,4,8,0,"female"
"44","Labour",52,3,3,4,1,3,1,2,"female"
"45","Labour",37,4,3,4,2,4,4,2,"male"
"46","Conservative",52,2,2,4,4,1,6,3,"female"
"47","Liberal Democrat",54,2,3,4,2,2,7,2,"female"
"48","Conservative",50,2,2,1,4,3,10,2,"male"
"49","Labour",46,4,3,4,4,1,4,3,"male"
"50","Labour",62,5,3,5,1,5,1,2,"male"
"51","Labour",61,3,3,4,4,4,4,2,"male"
"52","Labour",33,2,3,4,4,2,9,0,"male"
"53","Labour",51,4,3,5,4,2,1,2,"male"
"54","Labour",59,4,4,4,5,2,11,0,"female"
"55","Labour",58,4,4,5,1,4,1,0,"female"
"56","Labour",64,4,3,4,4,3,4,0,"male"
"57","Liberal Democrat",42,3,4,4,1,4,4,3,"male"
"58","Labour",32,1,2,1,4,1,1,2,"male"
"59","Conservative",62,5,3,4,5,3,9,0,"male"
"60","Labour",71,2,3,5,2,2,6,2,"female"
"61","Labour",37,3,3,4,2,2,8,0,"female"
"62","Labour",61,5,4,4,1,4,11,2,"male"
"63","Labour",28,4,1,4,2,2,6,2,"female"
"64","Labour",41,3,3,4,4,4,7,0,"female"
"65","Labour",77,3,3,4,3,3,6,2,"male"
"66","Labour",34,3,4,4,4,3,8,0,"female"
"67","Labour",72,4,4,4,4,4,11,2,"female"
"68","Labour",35,4,4,5,2,4,3,2,"male"
"69","Labour",68,4,4,4,2,4,11,0,"female"
"70","Liberal Democrat",67,4,3,2,1,4,6,2,"male"
"71","Labour",64,4,4,4,2,4,2,3,"female"
"72","Labour",39,4,3,4,2,2,5,0,"male"
"73","Conservative",88,3,3,4,4,4,11,0,"female"
"74","Liberal Democrat",40,4,4,4,1,4,4,3,"male"
"75","Labour",43,4,3,4,2,4,6,2,"male"
"76","Liberal Democrat",53,4,4,4,2,4,5,3,"male"
"77","Liberal Democrat",42,4,3,4,2,4,4,2,"female"
"78","Liberal Democrat",38,3,3,4,4,4,4,2,"male"
"79","Labour",66,2,1,4,2,3,6,0,"female"
"80","Labour",76,4,3,4,2,4,3,2,"female"
"81","Labour",44,2,2,4,2,3,8,0,"female"
"82","Labour",43,2,4,2,4,2,5,0,"female"
"83","Conservative",78,3,3,4,4,4,11,0,"female"
"84","Labour",47,3,4,4,4,4,3,0,"female"
"85","Labour",65,2,2,4,2,4,5,2,"female"
"86","Liberal Democrat",74,4,3,4,2,4,3,2,"male"
"87","Conservative",53,3,4,2,2,3,6,0,"female"
"88","Liberal Democrat",28,2,3,4,4,4,11,2,"female"
"89","Labour",56,2,2,4,1,3,4,2,"female"
"90","Liberal Democrat",82,4,4,4,1,5,5,3,"male"
"91","Labour",55,3,3,4,1,4,4,2,"male"
"92","Conservative",49,1,1,2,4,3,8,3,"female"
"93","Conservative",77,3,4,4,4,4,8,3,"male"
"94","Labour",84,5,5,5,2,4,1,0,"male"
"95","Labour",65,3,3,4,2,2,6,0,"female"
"96","Labour",81,4,4,5,1,4,5,3,"female"
"97","Labour",41,3,3,4,4,3,5,2,"female"
"98","Labour",45,3,2,2,2,3,10,0,"male"
"99","Liberal Democrat",74,3,4,2,4,4,1,0,"male"
"100","Labour",67,3,4,5,1,4,11,0,"male"
"101","Labour",40,4,4,4,2,4,6,0,"male"
"102","Labour",71,3,4,4,2,4,3,2,"male"
"103","Labour",49,3,3,4,2,4,6,2,"female"
"104","Conservative",70,2,3,2,4,4,8,2,"female"
"105","Liberal Democrat",61,2,2,4,2,3,7,2,"male"
"106","Labour",60,1,3,1,4,1,8,0,"female"
"107","Labour",67,4,3,4,2,2,4,0,"male"
"108","Labour",76,3,3,5,1,5,1,2,"male"
"109","Liberal Democrat",69,3,2,4,4,2,9,0,"female"
"110","Labour",31,1,1,2,4,4,11,0,"male"
"111","Labour",47,3,3,4,1,2,4,2,"male"
"112","Labour",62,3,3,2,2,2,3,0,"male"
"113","Labour",56,3,3,4,4,3,8,0,"female"
"114","Conservative",66,3,2,2,3,3,2,0,"female"
"115","Labour",62,3,3,4,2,3,5,2,"female"
"116","Labour",63,4,4,5,4,2,11,3,"female"
"117","Labour",48,4,3,4,2,2,6,0,"male"
"118","Liberal Democrat",64,4,4,4,2,4,8,2,"female"
"119","Labour",89,4,3,4,4,3,4,2,"female"
"120","Labour",68,4,3,4,2,2,11,0,"female"
"121","Conservative",81,2,4,2,1,4,8,0,"male"
"122","Labour",74,3,2,4,2,4,1,2,"male"
"123","Labour",83,4,2,5,1,2,5,0,"female"
"124","Labour",57,4,4,4,2,4,11,2,"female"
"125","Labour",70,4,3,4,2,4,6,2,"male"
"126","Conservative",79,3,3,2,2,3,9,2,"female"
"127","Labour",46,4,3,4,4,2,2,2,"male"
"128","Labour",41,4,4,4,2,2,3,2,"male"
"129","Labour",53,4,3,4,4,4,7,0,"female"
"130","Labour",29,3,4,2,4,4,4,0,"female"
"131","Labour",44,3,2,4,4,3,7,3,"female"
"132","Conservative",92,3,3,4,4,3,8,2,"female"
"133","Conservative",73,2,2,4,4,2,7,2,"female"
"134","Conservative",58,2,3,2,4,3,5,2,"male"
"135","Liberal Democrat",60,4,3,2,3,4,6,2,"male"
"136","Conservative",73,3,3,2,4,2,6,0,"male"
"137","Conservative",76,4,3,4,5,3,3,0,"female"
"138","Labour",55,4,4,4,4,2,6,2,"female"
"139","Conservative",49,3,3,2,5,1,10,3,"male"
"140","Labour",66,3,3,2,4,2,1,0,"female"
"141","Labour",35,4,3,4,2,4,4,3,"male"
"142","Labour",62,4,3,5,2,4,1,2,"female"
"143","Labour",61,4,2,4,3,3,3,0,"male"
"144","Labour",34,2,4,4,1,3,6,0,"female"
"145","Liberal Democrat",79,3,3,2,2,4,1,2,"female"
"146","Labour",39,4,2,4,4,3,6,0,"female"
"147","Labour",69,3,2,4,2,2,8,2,"female"
"148","Labour",61,4,4,4,2,2,6,0,"female"
"149","Labour",50,3,3,5,2,4,6,0,"male"
"150","Labour",33,2,3,4,4,4,3,2,"female"
"151","Labour",33,3,3,4,2,3,6,2,"female"
"152","Conservative",65,4,2,1,4,4,11,2,"female"
"153","Labour",49,3,3,2,2,3,6,2,"female"
"154","Labour",72,4,4,4,2,2,8,2,"male"
"155","Labour",70,3,4,5,2,4,1,2,"female"
"156","Labour",75,3,3,5,3,3,4,2,"female"
"157","Labour",24,3,5,4,1,2,4,0,"male"
"158","Labour",39,4,3,5,1,1,11,0,"female"
"159","Liberal Democrat",55,4,4,2,2,4,4,0,"male"
"160","Labour",67,1,3,2,4,2,11,0,"female"
"161","Labour",37,4,4,4,4,2,6,0,"female"
"162","Labour",51,3,3,4,1,4,6,2,"male"
"163","Conservative",79,2,3,2,4,2,5,0,"female"
"164","Labour",65,4,4,4,2,4,4,2,"female"
"165","Labour",70,3,2,4,2,1,3,2,"female"
"166","Conservative",53,1,3,1,4,4,6,2,"male"
"167","Labour",68,3,4,4,4,4,4,2,"female"
"168","Labour",83,3,4,4,4,3,3,2,"male"
"169","Liberal Democrat",35,3,3,1,2,5,5,3,"female"
"170","Liberal Democrat",31,3,3,4,1,5,3,0,"female"
"171","Labour",33,4,3,4,1,1,5,2,"female"
"172","Labour",60,4,3,4,1,4,3,2,"female"
"173","Liberal Democrat",26,4,4,4,2,4,5,2,"female"
"174","Labour",51,4,4,4,2,4,2,3,"male"
"175","Liberal Democrat",42,4,3,2,1,4,3,3,"male"
"176","Labour",55,4,4,4,1,4,2,2,"female"
"177","Liberal Democrat",41,4,3,4,4,4,1,2,"male"
"178","Conservative",40,3,2,2,2,2,6,2,"female"
"179","Conservative",43,3,2,2,4,2,8,3,"female"
"180","Liberal Democrat",50,2,2,4,2,2,4,3,"male"
"181","Labour",47,4,4,5,1,2,2,3,"male"
"182","Conservative",90,4,4,2,4,4,11,3,"female"
"183","Conservative",76,4,3,1,4,2,11,3,"male"
"184","Liberal Democrat",73,3,2,4,4,3,3,0,"female"
"185","Conservative",52,3,3,2,4,2,11,2,"female"
"186","Labour",46,4,4,2,4,5,5,0,"female"
"187","Conservative",70,5,2,2,5,4,11,2,"female"
"188","Conservative",66,3,3,2,2,1,11,2,"female"
"189","Liberal Democrat",54,3,4,2,2,3,10,0,"female"
"190","Conservative",75,3,5,4,4,2,8,3,"male"
"191","Labour",41,3,2,4,2,4,5,0,"female"
"192","Liberal Democrat",62,2,3,2,2,2,11,0,"female"
"193","Liberal Democrat",33,3,4,2,2,4,11,2,"male"
"194","Conservative",59,3,2,4,2,4,8,2,"female"
"195","Conservative",73,3,3,2,4,1,11,2,"male"
"196","Liberal Democrat",46,3,3,2,4,4,3,2,"female"
"197","Conservative",54,3,5,2,4,2,11,2,"female"
"198","Liberal Democrat",40,4,2,2,2,5,7,2,"female"
"199","Liberal Democrat",57,4,3,2,1,4,2,3,"female"
"200","Conservative",43,2,3,1,4,2,8,2,"male"
"201","Liberal Democrat",46,4,4,4,1,3,8,0,"male"
"202","Liberal Democrat",51,2,2,4,4,4,4,2,"male"
"203","Liberal Democrat",67,3,4,4,4,3,7,0,"male"
"204","Conservative",65,3,3,2,2,4,6,2,"female"
"205","Liberal Democrat",42,2,3,2,2,2,6,0,"female"
"206","Conservative",45,4,4,4,2,4,11,3,"male"
"207","Conservative",34,4,3,1,4,1,5,3,"male"
"208","Liberal Democrat",55,3,3,4,2,4,5,0,"female"
"209","Liberal Democrat",56,4,4,2,2,4,5,3,"male"
"210","Conservative",39,2,2,4,1,5,4,0,"female"
"211","Liberal Democrat",35,3,2,4,2,4,6,2,"female"
"212","Liberal Democrat",45,3,3,2,2,4,2,1,"female"
"213","Labour",28,4,4,4,4,2,7,1,"female"
"214","Conservative",49,3,3,4,2,4,2,2,"male"
"215","Labour",60,2,2,4,2,1,7,0,"male"
"216","Conservative",34,1,1,1,4,1,11,3,"male"
"217","Liberal Democrat",56,2,3,4,1,4,3,3,"male"
"218","Labour",72,3,4,2,2,4,3,0,"female"
"219","Labour",59,3,3,2,2,2,4,2,"male"
"220","Labour",33,4,4,4,2,4,5,2,"male"
"221","Labour",65,2,2,4,3,3,9,2,"female"
"222","Liberal Democrat",24,4,2,4,2,4,4,0,"female"
"223","Labour",67,5,3,5,1,4,6,0,"female"
"224","Conservative",25,2,3,1,4,4,7,2,"female"
"225","Labour",44,4,3,4,2,1,8,2,"female"
"226","Liberal Democrat",64,3,3,2,1,3,6,2,"male"
"227","Labour",58,3,2,2,4,1,8,1,"female"
"228","Labour",33,3,3,4,4,4,5,2,"female"
"229","Labour",53,3,2,4,2,2,6,0,"female"
"230","Labour",68,2,3,5,2,4,8,0,"female"
"231","Labour",67,4,4,5,4,4,10,0,"female"
"232","Labour",44,4,2,4,2,2,4,3,"male"
"233","Labour",77,3,3,4,2,3,6,1,"female"
"234","Labour",35,3,3,2,1,2,1,2,"female"
"235","Labour",49,4,3,4,2,2,6,0,"male"
"236","Labour",36,4,4,4,2,2,7,2,"female"
"237","Labour",31,3,3,2,3,3,6,0,"female"
"238","Labour",52,3,3,4,1,4,5,0,"male"
"239","Labour",29,4,4,4,4,3,6,2,"female"
"240","Labour",74,4,4,5,1,2,9,0,"female"
"241","Labour",36,3,3,5,2,3,3,2,"female"
"242","Labour",47,3,1,2,1,4,4,0,"female"
"243","Labour",68,3,3,2,1,1,8,0,"male"
"244","Labour",40,3,2,2,4,4,1,3,"female"
"245","Labour",59,4,3,4,2,4,6,2,"female"
"246","Labour",54,3,3,5,4,3,1,0,"female"
"247","Conservative",65,3,3,2,4,4,11,0,"female"
"248","Liberal Democrat",54,3,3,2,2,5,5,0,"female"
"249","Liberal Democrat",24,4,3,4,1,4,2,3,"male"
"250","Conservative",28,3,2,2,4,2,6,0,"female"
"251","Labour",79,3,3,5,1,5,11,2,"male"
"252","Labour",80,4,5,4,2,4,1,0,"female"
"253","Labour",32,3,2,5,1,5,6,2,"female"
"254","Labour",32,3,2,5,1,4,3,2,"female"
"255","Labour",34,3,3,2,1,1,2,2,"male"
"256","Labour",36,3,3,4,2,4,4,0,"female"
"257","Labour",53,3,4,2,1,3,9,0,"female"
"258","Labour",63,4,3,4,2,2,9,0,"female"
"259","Labour",27,3,3,4,4,4,7,0,"female"
"260","Liberal Democrat",45,3,3,2,2,4,1,0,"female"
"261","Liberal Democrat",77,4,3,4,4,2,4,2,"female"
"262","Labour",57,4,3,4,2,2,3,2,"male"
"263","Liberal Democrat",75,4,2,4,4,5,11,0,"female"
"264","Labour",36,4,4,2,2,2,11,2,"female"
"265","Labour",69,3,3,4,1,4,1,2,"female"
"266","Liberal Democrat",58,3,3,4,3,3,10,0,"male"
"267","Liberal Democrat",71,5,2,4,3,3,3,3,"male"
"268","Liberal Democrat",55,4,4,4,4,5,9,2,"male"
"269","Labour",38,2,4,4,2,2,1,3,"female"
"270","Liberal Democrat",37,4,4,4,2,4,11,0,"female"
"271","Liberal Democrat",44,2,3,4,4,4,6,0,"female"
"272","Conservative",64,3,3,4,4,4,10,2,"female"
"273","Liberal Democrat",37,2,3,2,2,4,5,0,"female"
"274","Conservative",52,3,2,2,4,2,11,2,"male"
"275","Liberal Democrat",71,2,3,4,2,5,11,0,"female"
"276","Conservative",49,3,3,2,2,4,8,0,"female"
"277","Labour",88,3,3,4,1,2,6,0,"female"
"278","Conservative",63,2,4,2,4,2,10,3,"female"
"279","Liberal Democrat",74,4,3,4,2,5,8,0,"female"
"280","Liberal Democrat",29,3,5,4,4,4,6,0,"female"
"281","Liberal Democrat",66,3,3,4,2,4,6,0,"female"
"282","Liberal Democrat",43,3,4,1,1,1,8,3,"male"
"283","Labour",71,2,2,2,1,4,11,0,"female"
"284","Liberal Democrat",42,3,3,2,2,4,9,0,"male"
"285","Liberal Democrat",79,2,2,2,2,4,9,3,"male"
"286","Labour",61,3,3,1,1,2,6,2,"female"
"287","Conservative",74,4,4,4,2,4,7,2,"female"
"288","Liberal Democrat",54,2,3,2,4,4,11,0,"female"
"289","Labour",81,4,4,4,1,4,1,2,"female"
"290","Conservative",47,4,3,2,4,1,3,3,"male"
"291","Conservative",75,2,3,4,4,2,8,2,"female"
"292","Conservative",60,1,2,2,5,1,11,2,"female"
"293","Liberal Democrat",51,3,3,4,2,4,6,1,"female"
"294","Conservative",47,4,1,4,2,4,8,3,"female"
"295","Conservative",70,3,2,4,4,2,11,0,"female"
"296","Labour",61,2,3,4,2,2,2,3,"male"
"297","Labour",62,4,2,4,4,3,6,2,"male"
"298","Labour",69,5,5,4,2,3,11,0,"male"
"299","Liberal Democrat",74,3,2,4,2,4,11,0,"female"
"300","Labour",30,4,3,4,1,2,2,2,"male"
"301","Liberal Democrat",70,4,4,4,2,3,4,2,"male"
"302","Conservative",75,3,4,2,2,5,11,0,"male"
"303","Labour",75,4,3,4,2,4,9,0,"female"
"304","Labour",30,4,4,1,2,4,11,0,"female"
"305","Liberal Democrat",77,2,2,2,2,2,11,2,"female"
"306","Conservative",66,2,3,4,4,4,10,2,"male"
"307","Conservative",70,2,2,4,2,2,10,3,"male"
"308","Labour",38,4,4,4,2,2,4,2,"male"
"309","Labour",49,4,4,4,4,2,2,2,"male"
"310","Labour",40,4,5,4,1,3,1,0,"female"
"311","Liberal Democrat",82,4,4,5,2,3,6,2,"male"
"312","Liberal Democrat",48,3,2,4,2,4,6,2,"male"
"313","Conservative",58,2,2,1,1,1,11,2,"male"
"314","Liberal Democrat",29,3,2,2,4,4,9,2,"female"
"315","Conservative",65,2,3,2,2,1,4,1,"male"
"316","Conservative",33,3,1,2,4,2,9,2,"male"
"317","Conservative",55,3,3,4,4,2,11,3,"male"
"318","Labour",56,4,5,4,1,5,11,2,"male"
"319","Labour",45,3,4,5,2,3,7,2,"female"
"320","Conservative",50,3,5,1,5,1,10,1,"female"
"321","Labour",80,3,3,5,1,2,4,2,"female"
"322","Liberal Democrat",51,3,4,4,1,2,6,2,"female"
"323","Liberal Democrat",55,2,3,1,4,4,1,0,"female"
"324","Labour",55,4,4,4,2,2,6,0,"female"
"325","Liberal Democrat",61,4,3,4,1,4,6,0,"female"
"326","Labour",39,3,3,4,2,3,9,0,"female"
"327","Liberal Democrat",49,3,3,2,1,5,11,0,"male"
"328","Conservative",77,3,3,2,4,2,9,2,"male"
"329","Liberal Democrat",43,3,3,4,1,4,7,2,"female"
"330","Liberal Democrat",34,3,3,4,2,4,3,2,"male"
"331","Labour",72,5,5,5,4,4,11,0,"female"
"332","Conservative",60,4,4,2,4,3,10,2,"male"
"333","Liberal Democrat",39,3,3,1,3,3,11,0,"female"
"334","Liberal Democrat",38,2,4,2,2,4,4,3,"male"
"335","Liberal Democrat",35,3,5,4,2,4,5,2,"male"
"336","Labour",44,4,4,2,2,4,10,0,"female"
"337","Labour",31,4,4,4,1,4,6,3,"male"
"338","Liberal Democrat",33,3,3,2,4,4,6,3,"male"
"339","Conservative",66,2,3,1,5,1,11,3,"male"
"340","Liberal Democrat",63,3,2,4,2,4,2,3,"male"
"341","Labour",47,4,4,4,4,4,7,0,"male"
"342","Conservative",38,3,2,2,4,2,11,2,"male"
"343","Labour",67,4,3,5,4,5,6,2,"female"
"344","Conservative",37,1,4,1,5,1,11,2,"female"
"345","Labour",27,2,4,2,4,4,10,0,"female"
"346","Labour",50,3,3,5,5,5,1,3,"male"
"347","Labour",77,3,3,5,4,2,2,0,"male"
"348","Liberal Democrat",71,3,4,1,4,3,11,2,"male"
"349","Labour",53,3,3,4,2,4,6,2,"female"
"350","Labour",56,4,2,5,2,2,1,2,"female"
"351","Conservative",32,3,4,2,2,3,9,3,"female"
"352","Conservative",83,2,4,2,4,3,10,2,"female"
"353","Labour",52,4,3,4,2,2,5,3,"female"
"354","Conservative",74,4,2,2,5,3,11,2,"female"
"355","Conservative",92,3,3,2,4,2,6,0,"female"
"356","Conservative",34,4,4,2,4,3,10,2,"male"
"357","Liberal Democrat",80,2,3,4,4,4,3,3,"female"
"358","Conservative",39,3,5,4,4,3,11,3,"female"
"359","Liberal Democrat",80,3,5,4,1,4,10,2,"female"
"360","Liberal Democrat",66,3,3,4,2,2,5,2,"male"
"361","Conservative",71,3,3,2,3,3,11,3,"female"
"362","Liberal Democrat",46,3,2,4,2,4,11,2,"female"
"363","Conservative",54,3,3,4,4,4,11,1,"male"
"364","Conservative",55,4,4,4,4,4,9,2,"female"
"365","Conservative",69,2,2,1,5,1,11,0,"male"
"366","Labour",74,4,4,4,2,4,5,2,"male"
"367","Liberal Democrat",56,4,4,5,1,4,2,3,"male"
"368","Conservative",74,2,3,4,4,3,9,0,"female"
"369","Conservative",37,4,4,2,4,1,11,2,"female"
"370","Liberal Democrat",43,3,2,4,2,4,8,3,"male"
"371","Conservative",50,2,3,4,4,5,10,2,"female"
"372","Labour",57,4,4,4,4,2,5,2,"male"
"373","Liberal Democrat",42,3,4,4,2,4,4,3,"male"
"374","Conservative",42,2,3,1,2,2,8,2,"male"
"375","Labour",36,4,5,5,2,4,4,0,"male"
"376","Liberal Democrat",55,4,4,4,4,2,9,0,"male"
"377","Conservative",73,2,1,2,2,1,11,2,"female"
"378","Conservative",29,4,5,4,4,1,8,2,"male"
"379","Labour",56,4,4,5,2,4,5,2,"female"
"380","Conservative",67,2,3,4,4,4,9,2,"female"
"381","Liberal Democrat",47,4,3,4,2,3,7,1,"female"
"382","Conservative",38,2,2,4,4,4,10,2,"male"
"383","Labour",35,3,3,5,1,2,4,3,"female"
"384","Labour",83,4,4,4,4,3,1,0,"female"
"385","Conservative",32,4,4,4,2,1,9,2,"male"
"386","Conservative",68,1,1,2,4,1,10,2,"female"
"387","Conservative",76,4,3,4,5,4,11,2,"male"
"388","Conservative",63,2,2,4,4,2,5,3,"male"
"389","Liberal Democrat",86,3,3,4,2,4,11,0,"male"
"390","Labour",35,4,1,4,2,2,11,0,"male"
"391","Labour",39,3,4,4,2,4,5,2,"male"
"392","Liberal Democrat",65,2,2,4,2,4,11,2,"male"
"393","Labour",32,3,3,4,2,4,2,3,"male"
"394","Labour",81,4,4,4,4,4,10,2,"female"
"395","Conservative",83,1,2,2,4,3,6,0,"female"
"396","Liberal Democrat",33,4,2,4,2,4,7,0,"male"
"397","Liberal Democrat",37,2,3,4,4,4,5,2,"female"
"398","Liberal Democrat",48,4,4,4,4,3,3,3,"male"
"399","Liberal Democrat",61,4,2,4,2,2,6,2,"female"
"400","Labour",66,3,3,5,1,1,11,0,"female"
"401","Liberal Democrat",38,2,1,2,2,4,9,2,"male"
"402","Liberal Democrat",79,4,3,5,4,4,11,0,"male"
"403","Liberal Democrat",58,4,3,4,4,4,5,2,"female"
"404","Conservative",56,2,5,1,4,1,4,0,"male"
"405","Conservative",61,4,3,2,4,4,10,2,"female"
"406","Liberal Democrat",58,3,3,4,2,2,3,3,"female"
"407","Liberal Democrat",57,3,3,1,1,4,6,2,"female"
"408","Conservative",35,4,5,4,5,4,11,2,"female"
"409","Liberal Democrat",59,3,3,4,4,4,1,3,"male"
"410","Liberal Democrat",84,3,4,1,2,3,9,3,"female"
"411","Liberal Democrat",65,3,3,4,1,2,10,2,"female"
"412","Labour",24,4,4,4,2,2,4,2,"female"
"413","Labour",35,4,3,4,4,2,11,2,"male"
"414","Liberal Democrat",50,2,2,4,4,3,2,2,"male"
"415","Liberal Democrat",42,3,2,2,4,2,11,3,"female"
"416","Conservative",55,4,4,4,4,4,11,2,"male"
"417","Labour",35,4,3,2,1,1,7,2,"male"
"418","Liberal Democrat",53,4,3,2,2,4,6,3,"male"
"419","Conservative",46,2,2,2,2,2,11,2,"male"
"420","Conservative",55,4,4,4,2,4,7,2,"female"
"421","Liberal Democrat",42,3,3,5,1,4,2,3,"male"
"422","Conservative",59,3,3,2,4,4,8,2,"female"
"423","Labour",56,3,3,4,2,5,1,2,"male"
"424","Liberal Democrat",48,4,3,4,1,4,3,2,"male"
"425","Conservative",52,4,2,1,4,1,9,0,"male"
"426","Liberal Democrat",35,3,4,5,4,4,9,2,"female"
"427","Liberal Democrat",36,4,4,4,2,4,2,2,"male"
"428","Liberal Democrat",77,4,4,4,1,3,11,2,"female"
"429","Liberal Democrat",51,3,3,4,2,4,6,2,"female"
"430","Conservative",76,2,2,2,4,2,11,2,"male"
"431","Conservative",39,3,4,2,4,4,11,2,"female"
"432","Liberal Democrat",38,3,2,4,2,3,11,1,"male"
"433","Labour",65,4,3,4,4,4,1,3,"female"
"434","Conservative",48,3,3,2,4,3,11,2,"female"
"435","Labour",31,3,4,4,2,4,8,3,"male"
"436","Liberal Democrat",49,1,1,2,2,4,6,0,"male"
"437","Conservative",37,4,1,1,4,1,8,2,"male"
"438","Conservative",60,4,4,4,2,2,6,2,"male"
"439","Labour",58,4,4,5,1,4,5,3,"male"
"440","Labour",65,4,2,4,1,2,6,2,"male"
"441","Labour",51,3,3,4,4,4,11,0,"female"
"442","Labour",78,1,1,4,4,3,1,0,"female"
"443","Conservative",58,2,4,4,4,2,3,0,"male"
"444","Labour",61,4,2,4,2,3,7,2,"male"
"445","Labour",88,4,4,5,1,2,10,0,"female"
"446","Labour",33,4,3,4,1,4,3,2,"male"
"447","Conservative",66,1,1,2,4,2,9,2,"male"
"448","Labour",40,4,4,4,4,2,1,0,"male"
"449","Liberal Democrat",49,2,3,4,4,2,3,2,"female"
"450","Labour",48,1,1,4,4,4,11,2,"male"
"451","Labour",41,3,4,4,4,2,11,0,"female"
"452","Liberal Democrat",42,4,3,4,4,3,11,2,"male"
"453","Labour",72,3,4,4,2,4,8,2,"female"
"454","Labour",76,4,4,4,1,2,11,0,"female"
"455","Labour",37,4,4,5,4,4,11,3,"female"
"456","Labour",70,5,4,4,2,4,6,3,"female"
"457","Labour",63,3,4,5,1,1,1,3,"male"
"458","Labour",27,3,3,4,2,3,11,0,"female"
"459","Liberal Democrat",57,3,3,4,3,3,5,3,"male"
"460","Liberal Democrat",66,4,4,4,2,4,11,0,"male"
"461","Conservative",57,3,2,2,4,4,3,0,"male"
"462","Labour",72,5,4,4,2,1,2,2,"female"
"463","Liberal Democrat",69,3,4,2,2,2,6,0,"male"
"464","Labour",46,3,4,4,1,4,6,2,"female"
"465","Liberal Democrat",75,2,1,1,2,4,10,2,"female"
"466","Conservative",73,3,1,4,4,3,11,2,"female"
"467","Labour",82,3,4,5,4,4,11,2,"male"
"468","Liberal Democrat",28,4,3,4,4,4,2,2,"male"
"469","Conservative",66,4,3,4,2,2,5,0,"male"
"470","Conservative",67,3,2,2,4,2,11,2,"male"
"471","Conservative",51,3,3,2,4,2,10,3,"male"
"472","Conservative",43,3,3,4,2,2,7,2,"male"
"473","Labour",30,3,4,4,2,2,8,0,"male"
"474","Conservative",47,2,3,4,4,3,4,2,"female"
"475","Conservative",27,3,3,2,4,2,8,2,"male"
"476","Labour",32,3,4,4,2,2,3,3,"female"
"477","Conservative",61,3,3,2,4,3,11,2,"female"
"478","Conservative",52,4,4,2,4,4,9,2,"male"
"479","Labour",34,4,4,4,2,2,1,2,"male"
"480","Liberal Democrat",71,5,3,5,2,3,2,2,"female"
"481","Conservative",54,3,3,1,4,4,11,2,"female"
"482","Liberal Democrat",28,3,3,2,2,4,3,3,"male"
"483","Conservative",70,4,3,4,2,2,3,3,"male"
"484","Liberal Democrat",43,2,3,4,2,4,2,3,"male"
"485","Liberal Democrat",70,2,3,4,1,3,6,2,"male"
"486","Conservative",63,2,2,4,4,2,10,2,"female"
"487","Liberal Democrat",62,2,3,2,4,4,3,0,"female"
"488","Liberal Democrat",62,4,3,4,1,4,3,3,"male"
"489","Conservative",47,2,2,2,4,2,9,2,"male"
"490","Liberal Democrat",57,2,3,4,1,4,3,3,"male"
"491","Conservative",26,3,5,4,4,4,6,0,"female"
"492","Labour",41,4,3,4,2,4,5,3,"male"
"493","Labour",72,4,4,2,1,2,6,0,"female"
"494","Labour",53,1,1,1,4,3,7,2,"female"
"495","Liberal Democrat",68,3,3,4,4,4,7,2,"female"
"496","Labour",79,3,3,5,3,4,6,0,"female"
"497","Liberal Democrat",26,3,3,4,2,4,8,2,"male"
"498","Liberal Democrat",54,2,2,1,2,2,11,2,"male"
"499","Conservative",60,3,4,2,4,2,11,0,"male"
"500","Labour",74,3,4,4,2,2,1,2,"male"
"501","Labour",30,2,4,4,2,2,3,2,"male"
"502","Liberal Democrat",41,4,5,4,2,2,7,2,"male"
"503","Conservative",68,3,3,1,4,4,5,2,"female"
"504","Conservative",33,3,5,4,4,2,7,2,"female"
"505","Liberal Democrat",71,3,3,2,2,4,8,2,"female"
"506","Conservative",69,3,4,2,4,2,9,2,"male"
"507","Conservative",72,4,3,4,4,2,6,2,"female"
"508","Labour",40,3,4,4,2,4,7,3,"male"
"509","Conservative",29,1,2,1,4,3,11,2,"female"
"510","Conservative",63,2,2,1,5,4,11,2,"male"
"511","Conservative",53,1,2,1,2,1,10,2,"female"
"512","Conservative",46,3,3,2,4,4,7,2,"female"
"513","Liberal Democrat",39,3,4,4,1,4,8,0,"male"
"514","Conservative",80,2,2,2,4,3,7,2,"male"
"515","Conservative",40,4,4,2,2,5,7,3,"male"
"516","Conservative",44,4,3,4,3,3,4,2,"male"
"517","Labour",58,3,3,5,4,5,11,0,"male"
"518","Conservative",35,4,4,4,4,2,8,2,"male"
"519","Conservative",39,2,3,4,2,2,11,3,"male"
"520","Liberal Democrat",53,3,3,2,4,4,11,2,"male"
"521","Labour",40,3,4,2,2,2,8,0,"female"
"522","Labour",51,4,3,4,1,4,2,2,"male"
"523","Conservative",51,3,2,2,2,4,3,2,"female"
"524","Conservative",50,3,4,2,2,1,7,2,"female"
"525","Conservative",68,3,3,2,4,4,5,2,"female"
"526","Labour",32,4,4,4,4,4,2,2,"female"
"527","Liberal Democrat",66,4,4,4,2,4,3,2,"female"
"528","Conservative",62,3,2,2,4,2,11,2,"female"
"529","Labour",79,3,2,4,4,4,5,2,"female"
"530","Liberal Democrat",70,4,3,2,4,4,10,2,"female"
"531","Labour",75,3,4,4,4,2,8,0,"male"
"532","Liberal Democrat",78,4,4,2,2,3,6,2,"female"
"533","Conservative",78,2,3,4,5,2,11,1,"male"
"534","Liberal Democrat",71,3,3,4,2,4,11,0,"female"
"535","Labour",73,4,5,4,1,4,3,2,"male"
"536","Liberal Democrat",52,4,2,4,2,4,4,3,"male"
"537","Liberal Democrat",66,4,3,5,1,4,4,3,"male"
"538","Conservative",38,2,3,4,4,2,11,2,"male"
"539","Labour",44,5,3,4,2,4,8,0,"male"
"540","Liberal Democrat",83,3,4,4,2,3,4,2,"female"
"541","Labour",34,3,3,4,1,4,1,3,"male"
"542","Conservative",75,1,5,2,4,4,11,2,"male"
"543","Conservative",66,3,3,2,4,3,5,0,"male"
"544","Labour",74,3,4,2,2,4,6,2,"female"
"545","Labour",46,4,4,4,1,1,11,2,"female"
"546","Liberal Democrat",76,4,2,2,2,2,3,3,"male"
"547","Conservative",53,2,1,2,5,4,4,2,"female"
"548","Liberal Democrat",46,2,2,2,4,3,8,0,"female"
"549","Conservative",43,4,3,4,2,1,11,3,"male"
"550","Liberal Democrat",29,4,3,4,2,4,4,2,"female"
"551","Labour",53,4,4,4,1,4,10,2,"female"
"552","Conservative",31,2,2,2,4,2,6,2,"female"
"553","Conservative",54,4,3,2,4,3,11,2,"male"
"554","Conservative",54,3,4,2,4,3,9,2,"female"
"555","Conservative",38,2,5,2,4,2,10,2,"male"
"556","Labour",54,5,3,5,2,3,6,2,"female"
"557","Labour",41,3,2,4,2,2,8,0,"female"
"558","Labour",77,5,2,4,2,4,4,2,"male"
"559","Conservative",39,2,4,1,2,2,11,3,"male"
"560","Conservative",53,3,3,2,2,4,5,2,"female"
"561","Liberal Democrat",42,4,4,4,2,4,11,0,"male"
"562","Liberal Democrat",46,3,4,4,1,4,2,0,"male"
"563","Labour",37,4,2,4,2,5,8,1,"male"
"564","Labour",41,4,3,4,4,4,8,2,"male"
"565","Labour",40,3,3,2,4,2,6,2,"female"
"566","Labour",84,5,4,5,1,2,1,2,"male"
"567","Liberal Democrat",43,3,3,4,1,2,4,3,"male"
"568","Liberal Democrat",81,4,3,1,2,4,11,2,"female"
"569","Labour",41,3,4,4,4,3,4,2,"female"
"570","Labour",46,4,2,2,2,2,5,2,"female"
"571","Conservative",64,3,3,1,2,2,3,2,"male"
"572","Liberal Democrat",67,4,4,4,4,5,10,3,"female"
"573","Conservative",71,1,4,2,4,2,8,0,"male"
"574","Conservative",89,2,2,1,4,4,1,0,"male"
"575","Conservative",76,3,4,4,4,2,10,3,"female"
"576","Conservative",50,4,3,2,4,4,9,2,"male"
"577","Conservative",53,3,2,2,4,2,11,2,"female"
"578","Conservative",74,4,3,2,4,2,8,2,"female"
"579","Liberal Democrat",76,4,3,4,4,4,8,0,"male"
"580","Liberal Democrat",84,4,3,4,2,5,1,3,"male"
"581","Labour",68,5,4,5,4,4,11,0,"female"
"582","Liberal Democrat",46,3,3,2,4,4,6,0,"female"
"583","Conservative",39,3,3,1,4,1,11,2,"female"
"584","Conservative",64,2,3,2,4,4,10,2,"female"
"585","Labour",43,4,2,5,1,3,6,0,"female"
"586","Conservative",59,4,3,3,5,3,9,3,"male"
"587","Labour",58,4,3,5,2,3,3,2,"male"
"588","Labour",70,4,2,2,1,1,11,2,"female"
"589","Conservative",35,3,4,2,4,3,11,2,"female"
"590","Labour",36,5,5,4,2,4,1,3,"male"
"591","Conservative",77,3,3,4,4,2,9,3,"male"
"592","Labour",52,4,4,4,2,4,4,2,"male"
"593","Liberal Democrat",65,3,1,4,2,2,11,2,"male"
"594","Conservative",60,3,2,2,4,4,11,2,"female"
"595","Conservative",48,3,3,2,5,3,10,2,"female"
"596","Labour",38,4,3,5,5,4,3,2,"male"
"597","Conservative",70,3,3,2,4,3,7,2,"female"
"598","Conservative",50,3,2,2,2,2,3,2,"male"
"599","Liberal Democrat",47,4,4,2,2,1,5,3,"female"
"600","Conservative",62,3,3,4,3,3,11,2,"female"
"601","Liberal Democrat",64,5,3,4,2,1,1,3,"male"
"602","Conservative",62,3,3,2,4,2,4,0,"male"
"603","Labour",57,3,4,4,2,4,6,0,"female"
"604","Labour",65,3,3,4,2,4,11,0,"female"
"605","Conservative",55,4,4,4,2,4,8,2,"male"
"606","Conservative",64,4,1,4,4,2,9,0,"female"
"607","Conservative",32,2,3,2,4,2,11,2,"female"
"608","Conservative",72,3,3,1,2,1,11,2,"female"
"609","Liberal Democrat",65,3,3,4,2,2,5,2,"male"
"610","Liberal Democrat",84,4,2,4,1,4,4,3,"female"
"611","Conservative",49,3,4,2,4,2,11,2,"male"
"612","Liberal Democrat",55,3,3,4,2,4,11,2,"female"
"613","Liberal Democrat",48,4,3,4,4,5,10,2,"male"
"614","Conservative",30,2,3,4,4,5,7,3,"male"
"615","Conservative",40,3,4,2,2,2,9,2,"female"
"616","Conservative",35,2,2,1,4,3,11,2,"male"
"617","Labour",51,4,4,2,2,4,5,3,"male"
"618","Conservative",75,5,3,2,4,2,11,2,"male"
"619","Labour",54,4,4,2,2,4,3,2,"male"
"620","Labour",32,4,5,2,4,2,7,2,"female"
"621","Conservative",64,3,3,4,4,3,6,0,"male"
"622","Liberal Democrat",54,3,3,4,4,5,6,3,"female"
"623","Labour",76,3,3,4,2,2,11,2,"male"
"624","Liberal Democrat",47,3,2,2,2,2,6,2,"female"
"625","Conservative",33,2,4,2,2,3,11,3,"female"
"626","Conservative",88,4,2,4,4,4,2,0,"female"
"627","Liberal Democrat",39,3,4,4,2,4,5,2,"male"
"628","Conservative",66,3,3,2,5,2,11,2,"male"
"629","Conservative",37,2,3,2,4,2,10,2,"female"
"630","Labour",81,1,3,4,2,4,11,1,"female"
"631","Liberal Democrat",64,4,4,4,4,5,5,2,"female"
"632","Labour",37,4,3,4,2,4,4,2,"female"
"633","Liberal Democrat",48,2,2,2,4,1,9,2,"female"
"634","Conservative",42,2,2,2,4,4,11,3,"male"
"635","Liberal Democrat",53,3,1,2,4,4,6,3,"female"
"636","Conservative",57,2,3,2,2,4,4,0,"female"
"637","Labour",39,2,2,4,1,4,10,2,"male"
"638","Conservative",56,3,3,2,4,1,3,2,"female"
"639","Labour",41,4,4,4,2,2,5,2,"male"
"640","Conservative",45,4,3,4,4,4,10,2,"female"
"641","Conservative",85,4,3,2,4,4,11,2,"female"
"642","Labour",57,3,3,4,2,4,4,2,"female"
"643","Labour",37,4,4,4,4,2,3,2,"male"
"644","Labour",53,4,2,1,4,4,11,2,"female"
"645","Labour",35,3,4,4,4,3,10,0,"female"
"646","Labour",41,4,4,4,1,4,4,0,"female"
"647","Conservative",37,2,4,2,5,2,9,2,"female"
"648","Liberal Democrat",32,4,3,2,2,4,6,2,"female"
"649","Conservative",30,3,1,2,4,5,11,2,"male"
"650","Conservative",61,4,3,4,4,2,7,2,"female"
"651","Labour",36,4,4,4,4,4,1,0,"female"
"652","Labour",59,5,3,2,4,1,11,0,"female"
"653","Conservative",72,5,1,4,1,4,11,2,"male"
"654","Conservative",55,3,4,4,5,3,8,3,"female"
"655","Labour",48,3,2,2,3,3,11,0,"female"
"656","Labour",57,4,4,4,2,4,11,0,"female"
"657","Conservative",68,3,3,4,3,3,11,2,"female"
"658","Conservative",78,2,3,1,4,1,11,3,"male"
"659","Conservative",68,2,4,4,2,4,6,0,"female"
"660","Conservative",67,3,3,5,5,5,7,2,"male"
"661","Conservative",35,3,2,4,4,4,7,2,"female"
"662","Labour",36,4,3,2,2,3,8,2,"female"
"663","Labour",30,4,2,4,2,4,11,2,"female"
"664","Liberal Democrat",37,4,3,4,4,4,10,2,"male"
"665","Conservative",43,3,2,2,4,3,9,2,"male"
"666","Liberal Democrat",80,5,3,2,5,4,9,0,"male"
"667","Conservative",35,2,4,2,2,2,7,2,"female"
"668","Conservative",36,2,2,4,2,4,11,3,"female"
"669","Conservative",81,4,5,2,4,2,11,2,"female"
"670","Liberal Democrat",40,4,4,4,2,2,3,2,"female"
"671","Liberal Democrat",69,4,2,2,4,4,10,0,"female"
"672","Liberal Democrat",47,2,2,4,2,4,10,2,"female"
"673","Liberal Democrat",31,3,2,4,4,3,4,2,"male"
"674","Labour",79,5,4,4,2,4,6,2,"male"
"675","Liberal Democrat",43,4,1,2,4,3,6,2,"male"
"676","Conservative",72,3,3,2,4,3,11,2,"female"
"677","Conservative",36,2,3,2,4,3,10,2,"male"
"678","Labour",47,3,3,4,2,4,11,0,"male"
"679","Conservative",66,4,5,2,5,2,11,2,"male"
"680","Conservative",36,3,4,4,4,3,6,2,"male"
"681","Conservative",46,3,3,2,2,2,11,2,"male"
"682","Conservative",47,2,2,1,5,2,11,3,"female"
"683","Conservative",75,3,4,4,4,2,11,2,"female"
"684","Conservative",74,4,3,4,4,4,10,2,"female"
"685","Conservative",54,2,4,2,2,1,11,2,"female"
"686","Conservative",79,3,3,4,4,2,11,2,"female"
"687","Labour",75,3,4,5,2,2,3,0,"female"
"688","Conservative",71,3,3,2,4,2,5,2,"female"
"689","Conservative",50,2,4,2,5,4,11,2,"female"
"690","Liberal Democrat",56,3,3,2,3,3,6,3,"female"
"691","Conservative",52,4,3,2,4,2,7,2,"female"
"692","Labour",33,4,4,4,2,4,6,2,"male"
"693","Labour",72,5,3,4,1,4,11,2,"female"
"694","Labour",47,4,3,4,4,4,5,2,"female"
"695","Labour",35,4,4,2,1,2,11,0,"male"
"696","Labour",68,3,5,4,4,4,11,2,"male"
"697","Labour",78,5,4,4,2,4,1,2,"female"
"698","Labour",47,4,3,2,4,2,2,0,"female"
"699","Labour",52,3,3,2,1,4,1,2,"male"
"700","Labour",72,4,4,5,4,4,2,2,"male"
"701","Labour",47,3,3,4,2,4,4,0,"female"
"702","Labour",50,4,3,2,2,3,10,0,"male"
"703","Labour",59,3,4,4,2,4,2,3,"male"
"704","Conservative",37,4,4,2,2,2,8,2,"male"
"705","Labour",72,4,4,4,2,4,3,2,"male"
"706","Labour",35,3,4,4,4,4,3,3,"male"
"707","Conservative",48,2,2,4,2,4,8,0,"male"
"708","Labour",64,5,4,4,4,4,11,0,"male"
"709","Liberal Democrat",57,4,5,4,1,4,3,2,"female"
"710","Labour",42,4,3,4,2,4,3,2,"male"
"711","Liberal Democrat",39,5,3,4,2,4,5,3,"male"
"712","Conservative",75,2,2,4,4,2,6,0,"female"
"713","Liberal Democrat",43,3,4,4,4,4,6,2,"male"
"714","Labour",43,4,4,4,2,4,1,1,"male"
"715","Labour",37,3,2,4,4,5,5,2,"female"
"716","Labour",67,4,3,5,2,2,2,2,"male"
"717","Labour",59,4,1,4,1,3,11,1,"female"
"718","Labour",52,3,3,4,1,2,6,2,"female"
"719","Labour",45,5,4,4,2,3,9,0,"male"
"720","Conservative",55,3,2,2,4,2,10,3,"male"
"721","Labour",70,2,2,2,5,2,11,0,"male"
"722","Conservative",64,3,3,2,4,1,11,2,"male"
"723","Liberal Democrat",35,4,4,4,2,4,6,2,"female"
"724","Liberal Democrat",38,3,3,4,1,2,7,3,"male"
"725","Liberal Democrat",31,3,2,2,2,4,7,2,"female"
"726","Liberal Democrat",38,3,3,4,1,4,5,3,"male"
"727","Labour",43,2,2,4,2,2,9,0,"female"
"728","Labour",46,4,5,1,1,4,6,0,"female"
"729","Liberal Democrat",42,4,4,2,2,2,6,2,"female"
"730","Labour",44,5,1,5,1,3,4,3,"female"
"731","Labour",40,5,3,4,2,4,4,2,"female"
"732","Labour",37,4,4,4,1,3,1,2,"female"
"733","Labour",47,4,3,4,3,3,5,3,"male"
"734","Labour",44,5,3,4,1,2,3,3,"female"
"735","Labour",29,4,3,4,2,4,4,2,"male"
"736","Labour",37,4,4,4,2,4,2,3,"male"
"737","Liberal Democrat",46,3,3,4,2,4,8,2,"male"
"738","Labour",62,3,3,4,1,3,6,3,"male"
"739","Labour",46,5,4,5,2,2,9,0,"male"
"740","Labour",79,4,5,5,3,3,7,1,"female"
"741","Labour",38,4,4,4,2,2,2,3,"male"
"742","Conservative",29,3,3,2,2,2,7,0,"female"
"743","Labour",56,3,2,2,2,2,4,0,"female"
"744","Liberal Democrat",45,2,2,4,2,4,6,2,"male"
"745","Labour",53,4,3,4,4,4,5,0,"male"
"746","Conservative",70,2,2,4,2,2,10,2,"female"
"747","Conservative",44,3,2,2,4,2,11,2,"male"
"748","Liberal Democrat",51,4,4,4,2,4,11,2,"female"
"749","Conservative",69,1,1,4,2,4,11,0,"female"
"750","Conservative",43,2,2,2,4,3,6,0,"male"
"751","Conservative",56,4,3,4,4,4,3,0,"female"
"752","Labour",45,4,4,4,2,4,5,3,"male"
"753","Labour",45,5,3,4,4,4,3,1,"female"
"754","Conservative",49,2,2,4,4,4,10,2,"male"
"755","Conservative",32,2,3,2,5,2,1,0,"female"
"756","Conservative",58,2,3,2,2,3,7,2,"female"
"757","Liberal Democrat",49,4,4,4,2,4,8,0,"female"
"758","Labour",75,3,4,4,3,3,1,2,"male"
"759","Conservative",36,2,2,2,2,1,9,3,"male"
"760","Liberal Democrat",61,3,3,4,4,4,8,2,"female"
"761","Conservative",76,3,3,4,4,3,10,2,"male"
"762","Labour",36,3,4,4,4,3,9,0,"male"
"763","Labour",37,3,3,2,1,1,9,0,"female"
"764","Conservative",77,2,2,1,4,3,8,3,"female"
"765","Labour",25,4,4,4,2,4,6,2,"male"
"766","Conservative",49,3,5,4,4,4,8,2,"female"
"767","Liberal Democrat",59,2,2,2,2,4,11,0,"female"
"768","Conservative",31,2,2,2,4,1,5,2,"male"
"769","Conservative",35,2,2,2,4,1,11,3,"male"
"770","Labour",36,3,2,4,2,2,9,0,"male"
"771","Labour",30,2,1,4,4,3,2,3,"female"
"772","Labour",61,4,3,5,2,1,9,0,"male"
"773","Conservative",52,2,3,2,5,2,11,2,"female"
"774","Conservative",56,4,3,2,4,4,10,2,"female"
"775","Labour",53,4,4,4,4,3,8,2,"female"
"776","Liberal Democrat",46,3,4,4,2,5,3,3,"female"
"777","Conservative",27,3,4,2,2,2,9,2,"female"
"778","Labour",60,5,4,4,2,4,2,2,"male"
"779","Conservative",75,4,3,4,4,1,11,2,"male"
"780","Liberal Democrat",80,5,5,4,4,2,4,0,"male"
"781","Labour",61,5,4,4,1,4,1,2,"female"
"782","Conservative",55,2,2,1,4,4,7,2,"male"
"783","Liberal Democrat",35,4,4,5,2,2,6,2,"male"
"784","Liberal Democrat",49,2,4,2,2,3,5,2,"female"
"785","Liberal Democrat",45,2,3,4,2,4,2,3,"male"
"786","Labour",52,4,2,4,1,4,5,2,"female"
"787","Labour",75,5,2,5,1,4,1,2,"female"
"788","Liberal Democrat",85,4,2,4,1,4,1,3,"female"
"789","Labour",38,4,4,4,1,4,5,2,"male"
"790","Labour",34,4,5,4,4,2,8,0,"female"
"791","Liberal Democrat",61,3,3,2,1,2,7,2,"female"
"792","Labour",54,2,3,2,1,2,5,3,"male"
"793","Liberal Democrat",58,3,3,4,4,5,4,3,"female"
"794","Liberal Democrat",54,4,4,4,2,4,10,0,"male"
"795","Labour",50,3,5,5,1,4,3,2,"male"
"796","Labour",29,4,4,4,2,2,10,0,"female"
"797","Labour",51,4,3,4,2,1,6,2,"female"
"798","Labour",72,4,4,5,1,4,2,2,"male"
"799","Liberal Democrat",50,2,2,2,2,4,6,2,"female"
"800","Labour",85,2,3,4,3,4,6,2,"female"
"801","Conservative",42,2,2,1,4,4,7,2,"female"
"802","Liberal Democrat",34,4,3,4,1,2,5,2,"male"
"803","Conservative",70,3,3,2,2,2,4,2,"female"
"804","Labour",36,4,5,5,4,4,6,0,"male"
"805","Conservative",35,3,5,4,4,2,8,3,"male"
"806","Conservative",38,4,2,4,5,3,10,2,"male"
"807","Liberal Democrat",53,2,3,2,2,2,5,3,"female"
"808","Labour",77,4,4,5,2,4,5,2,"male"
"809","Labour",37,2,4,4,1,4,5,3,"male"
"810","Labour",75,2,2,2,4,3,3,3,"male"
"811","Labour",45,4,5,5,4,4,10,3,"female"
"812","Conservative",82,3,3,4,4,3,11,2,"male"
"813","Labour",48,3,3,4,2,4,8,3,"male"
"814","Labour",68,3,3,4,1,1,6,2,"male"
"815","Liberal Democrat",48,3,3,4,1,5,2,3,"female"
"816","Labour",87,4,4,4,2,4,3,2,"male"
"817","Labour",52,4,4,4,3,3,4,3,"female"
"818","Conservative",53,4,3,4,5,4,10,2,"male"
"819","Conservative",66,1,2,1,4,2,11,3,"female"
"820","Liberal Democrat",85,3,4,4,4,4,5,2,"female"
"821","Labour",47,4,3,4,4,2,4,0,"male"
"822","Liberal Democrat",51,3,4,4,2,2,11,2,"female"
"823","Labour",41,4,4,4,4,3,5,2,"female"
"824","Liberal Democrat",54,4,2,4,4,4,2,2,"female"
"825","Labour",76,4,3,5,4,4,10,2,"male"
"826","Conservative",72,3,3,2,4,2,6,2,"male"
"827","Liberal Democrat",31,3,2,4,2,3,6,0,"female"
"828","Conservative",27,3,3,2,4,4,5,2,"female"
"829","Conservative",79,3,3,2,4,2,1,0,"female"
"830","Liberal Democrat",46,2,3,4,4,3,1,2,"male"
"831","Conservative",31,3,3,4,5,4,9,2,"male"
"832","Liberal Democrat",66,4,3,4,2,4,5,3,"female"
"833","Labour",42,4,4,4,2,2,4,2,"male"
"834","Liberal Democrat",51,3,4,4,2,4,4,2,"male"
"835","Liberal Democrat",75,4,4,4,1,5,3,3,"female"
"836","Labour",44,3,3,4,2,4,11,0,"female"
"837","Labour",63,3,3,4,3,3,11,2,"female"
"838","Conservative",77,2,3,2,2,2,10,2,"female"
"839","Conservative",75,1,3,2,2,4,11,2,"female"
"840","Labour",50,4,3,4,1,3,9,0,"male"
"841","Labour",67,3,3,4,2,4,8,2,"male"
"842","Conservative",64,3,1,2,4,4,11,0,"female"
"843","Conservative",24,3,2,4,2,2,10,2,"female"
"844","Liberal Democrat",44,3,1,4,2,4,6,2,"male"
"845","Conservative",39,4,4,2,4,4,8,0,"female"
"846","Conservative",70,3,1,4,4,4,7,2,"female"
"847","Conservative",35,3,4,2,1,1,11,2,"female"
"848","Conservative",33,3,4,2,4,2,6,2,"female"
"849","Labour",36,2,2,4,1,2,10,0,"female"
"850","Conservative",45,3,4,1,5,4,11,0,"female"
"851","Labour",57,3,1,4,3,3,11,1,"female"
"852","Labour",63,3,1,4,1,4,9,2,"female"
"853","Conservative",64,2,4,1,4,3,10,2,"female"
"854","Liberal Democrat",49,2,4,2,4,2,5,1,"female"
"855","Labour",52,5,3,4,2,3,11,3,"male"
"856","Labour",66,3,2,4,2,4,9,2,"female"
"857","Labour",75,3,4,4,4,3,1,2,"female"
"858","Labour",45,2,4,4,2,5,6,2,"male"
"859","Liberal Democrat",39,3,3,4,2,4,8,0,"male"
"860","Liberal Democrat",40,3,3,4,2,4,5,2,"female"
"861","Conservative",43,3,4,2,4,1,11,2,"male"
"862","Conservative",74,3,3,2,2,2,9,2,"female"
"863","Conservative",70,3,3,4,2,2,5,2,"male"
"864","Conservative",27,3,2,4,2,2,8,2,"female"
"865","Conservative",57,4,3,2,4,1,9,2,"female"
"866","Conservative",45,4,4,4,4,2,3,0,"male"
"867","Liberal Democrat",49,2,3,4,1,4,6,2,"female"
"868","Conservative",80,2,4,4,4,4,11,2,"female"
"869","Conservative",51,3,3,2,4,4,9,2,"female"
"870","Labour",33,4,4,4,1,4,9,0,"female"
"871","Liberal Democrat",38,2,4,2,2,1,4,3,"male"
"872","Conservative",48,2,3,1,4,2,11,2,"female"
"873","Conservative",45,4,4,2,4,1,11,2,"male"
"874","Conservative",42,2,2,2,4,1,11,3,"female"
"875","Labour",50,3,4,4,4,4,8,2,"male"
"876","Labour",49,4,4,4,2,4,9,0,"female"
"877","Conservative",44,3,3,4,4,5,11,2,"female"
"878","Labour",85,5,5,5,1,4,1,2,"male"
"879","Liberal Democrat",86,3,4,1,4,4,11,2,"female"
"880","Conservative",69,2,3,2,4,2,11,0,"male"
"881","Liberal Democrat",32,2,5,4,2,4,4,3,"male"
"882","Liberal Democrat",51,2,4,4,1,4,6,3,"female"
"883","Conservative",69,3,3,2,2,2,11,2,"female"
"884","Labour",81,5,3,5,2,4,8,2,"male"
"885","Liberal Democrat",75,2,3,4,2,3,6,2,"male"
"886","Conservative",70,4,3,4,4,3,6,0,"female"
"887","Conservative",58,4,2,2,4,3,11,0,"female"
"888","Labour",61,4,2,5,1,4,2,3,"male"
"889","Conservative",57,2,3,4,4,2,6,0,"female"
"890","Conservative",35,3,4,2,4,4,11,0,"male"
"891","Conservative",37,2,3,2,2,4,10,0,"female"
"892","Conservative",46,3,3,2,2,2,9,3,"male"
"893","Liberal Democrat",66,4,3,2,1,4,6,3,"female"
"894","Labour",51,4,3,4,2,4,2,2,"female"
"895","Conservative",73,3,3,2,4,2,11,3,"female"
"896","Labour",32,3,3,4,1,4,3,3,"male"
"897","Liberal Democrat",30,3,3,2,4,4,6,2,"female"
"898","Labour",38,4,2,4,2,1,6,2,"female"
"899","Conservative",39,5,4,2,2,1,11,2,"male"
"900","Conservative",49,3,4,4,5,4,9,0,"male"
"901","Conservative",82,3,3,2,4,4,11,2,"male"
"902","Labour",42,3,3,4,4,4,7,2,"male"
"903","Labour",37,5,5,4,1,2,6,2,"female"
"904","Conservative",58,3,2,4,4,3,7,0,"female"
"905","Liberal Democrat",29,3,3,4,2,2,8,2,"female"
"906","Liberal Democrat",27,5,5,2,1,4,4,3,"male"
"907","Labour",57,5,5,5,2,4,9,0,"male"
"908","Conservative",30,3,3,2,4,4,8,0,"female"
"909","Conservative",43,3,4,2,2,4,9,2,"female"
"910","Labour",62,5,4,4,1,4,2,3,"male"
"911","Liberal Democrat",42,3,4,4,2,4,3,3,"male"
"912","Labour",67,5,3,4,1,2,1,3,"female"
"913","Labour",36,2,3,4,2,4,5,0,"female"
"914","Labour",74,3,4,4,2,3,2,3,"male"
"915","Labour",41,4,4,4,2,2,4,0,"female"
"916","Liberal Democrat",27,3,4,4,4,4,5,3,"female"
"917","Labour",29,4,4,4,2,4,2,2,"female"
"918","Labour",38,3,3,4,2,2,6,2,"female"
"919","Liberal Democrat",74,4,3,4,2,4,7,1,"female"
"920","Liberal Democrat",38,3,2,4,4,4,2,2,"male"
"921","Liberal Democrat",61,3,3,4,2,4,1,2,"female"
"922","Liberal Democrat",65,4,4,4,2,1,3,0,"male"
"923","Labour",36,3,3,4,4,2,5,0,"male"
"924","Liberal Democrat",48,3,4,4,2,2,5,2,"male"
"925","Liberal Democrat",39,2,4,2,4,4,8,0,"female"
"926","Labour",48,3,3,4,1,1,6,2,"female"
"927","Conservative",50,3,3,2,5,2,7,3,"male"
"928","Conservative",71,2,2,4,5,2,11,2,"female"
"929","Liberal Democrat",42,2,2,1,2,2,7,2,"female"
"930","Labour",56,4,3,4,2,4,3,2,"female"
"931","Liberal Democrat",64,1,3,2,1,3,3,0,"female"
"932","Liberal Democrat",80,3,4,4,1,4,1,0,"male"
"933","Conservative",56,4,3,4,4,4,5,0,"female"
"934","Conservative",60,2,2,2,3,3,10,2,"female"
"935","Conservative",39,2,2,1,4,4,9,2,"male"
"936","Labour",43,2,1,4,2,4,8,2,"male"
"937","Labour",35,3,2,4,2,4,3,2,"male"
"938","Labour",66,5,3,5,1,2,3,2,"female"
"939","Conservative",59,1,4,2,4,4,11,0,"male"
"940","Labour",37,2,4,2,4,4,7,0,"male"
"941","Labour",37,3,4,4,4,4,5,3,"female"
"942","Labour",61,5,5,4,4,4,6,0,"male"
"943","Labour",38,4,5,4,4,3,6,0,"male"
"944","Labour",66,4,3,5,1,3,1,2,"male"
"945","Liberal Democrat",41,3,3,2,4,3,11,0,"male"
"946","Conservative",65,2,4,2,5,3,11,2,"female"
"947","Labour",57,3,2,2,2,5,2,2,"male"
"948","Conservative",62,2,1,1,4,1,11,2,"male"
"949","Labour",31,4,5,4,2,2,4,3,"male"
"950","Conservative",40,2,3,1,4,1,8,3,"male"
"951","Liberal Democrat",49,3,3,2,1,4,9,2,"female"
"952","Conservative",65,2,5,4,2,2,11,2,"male"
"953","Labour",35,5,3,2,2,3,10,0,"female"
"954","Labour",76,4,5,5,2,4,2,3,"male"
"955","Conservative",74,2,2,2,4,3,10,2,"female"
"956","Conservative",53,3,3,2,4,3,1,0,"female"
"957","Labour",49,1,2,4,2,2,11,0,"female"
"958","Liberal Democrat",37,3,2,4,2,4,7,2,"male"
"959","Conservative",54,2,2,2,2,4,9,2,"male"
"960","Liberal Democrat",75,4,4,1,1,5,1,3,"male"
"961","Labour",76,4,3,5,2,5,9,3,"male"
"962","Labour",58,3,3,4,2,4,2,2,"female"
"963","Conservative",35,2,3,4,4,4,10,3,"female"
"964","Conservative",66,3,3,2,3,2,11,1,"female"
"965","Conservative",80,2,3,4,4,3,6,2,"male"
"966","Conservative",53,4,3,4,2,4,5,2,"male"
"967","Labour",64,3,2,5,2,1,11,2,"male"
"968","Labour",71,3,4,4,1,2,4,0,"female"
"969","Labour",40,4,2,4,1,4,4,0,"female"
"970","Labour",62,4,3,4,4,3,2,2,"female"
"971","Conservative",89,2,2,4,4,4,11,0,"female"
"972","Labour",40,2,4,4,2,2,8,2,"male"
"973","Labour",38,3,4,4,2,4,3,2,"female"
"974","Labour",38,3,3,2,2,3,11,0,"female"
"975","Labour",37,4,4,4,2,4,10,0,"male"
"976","Labour",50,3,2,4,2,3,11,0,"female"
"977","Conservative",53,2,5,1,4,4,11,2,"male"
"978","Conservative",78,2,3,2,4,2,11,1,"female"
"979","Labour",73,2,2,4,2,2,10,2,"male"
"980","Labour",64,4,4,2,5,3,11,2,"male"
"981","Labour",56,2,2,4,1,3,6,2,"male"
"982","Conservative",73,4,3,2,2,4,11,2,"female"
"983","Conservative",51,3,2,2,2,4,9,2,"male"
"984","Conservative",74,4,3,2,4,5,8,2,"female"
"985","Labour",39,4,5,5,4,3,6,2,"female"
"986","Conservative",56,4,2,5,5,2,8,2,"male"
"987","Conservative",80,4,2,4,5,3,11,2,"female"
"988","Conservative",67,3,2,2,4,3,11,1,"male"
"989","Liberal Democrat",61,2,2,4,4,4,9,0,"male"
"990","Conservative",81,3,3,4,4,4,10,2,"female"
"991","Liberal Democrat",35,2,3,4,2,4,3,3,"female"
"992","Conservative",34,2,4,1,4,3,11,2,"female"
"993","Conservative",49,1,2,2,4,4,11,3,"male"
"994","Liberal Democrat",41,3,4,4,2,4,10,0,"female"
"995","Liberal Democrat",58,5,3,4,1,4,5,2,"male"
"996","Labour",37,4,3,4,2,2,5,0,"male"
"997","Labour",38,4,2,5,4,4,1,0,"male"
"998","Labour",47,4,4,4,1,4,4,3,"male"
"999","Labour",75,4,5,4,4,3,11,2,"female"
"1000","Labour",72,4,3,2,2,4,11,2,"female"
"1001","Liberal Democrat",75,4,3,4,2,4,11,0,"male"
"1002","Conservative",68,3,1,2,2,4,11,2,"male"
"1003","Labour",70,5,4,2,5,5,11,0,"male"
"1004","Conservative",72,2,2,4,4,4,4,0,"female"
"1005","Labour",39,3,2,4,2,1,7,0,"female"
"1006","Labour",47,4,3,4,2,3,5,2,"female"
"1007","Labour",42,4,3,5,4,5,4,2,"female"
"1008","Labour",75,4,4,4,1,3,11,0,"male"
"1009","Conservative",75,2,2,2,4,2,8,3,"female"
"1010","Labour",32,4,3,4,2,2,4,1,"female"
"1011","Labour",76,4,4,5,2,4,11,0,"female"
"1012","Labour",34,4,4,4,2,4,3,2,"female"
"1013","Conservative",67,3,4,4,4,3,4,1,"female"
"1014","Liberal Democrat",44,2,2,2,4,4,11,2,"female"
"1015","Labour",42,3,5,2,1,2,9,0,"male"
"1016","Conservative",40,2,3,4,4,2,11,2,"female"
"1017","Labour",57,4,3,4,2,4,6,2,"male"
"1018","Conservative",65,2,4,4,4,4,5,2,"male"
"1019","Conservative",42,1,1,1,4,3,6,2,"female"
"1020","Labour",77,4,5,4,2,4,1,0,"male"
"1021","Labour",49,3,5,5,2,2,5,3,"male"
"1022","Liberal Democrat",50,4,3,2,1,2,11,1,"male"
"1023","Labour",76,4,4,5,4,4,3,2,"male"
"1024","Liberal Democrat",72,3,3,2,2,4,11,2,"male"
"1025","Labour",47,4,3,4,2,2,4,2,"male"
"1026","Labour",52,4,4,4,2,4,4,2,"female"
"1027","Conservative",68,2,3,1,4,3,11,2,"female"
"1028","Labour",61,4,5,4,2,4,10,2,"male"
"1029","Conservative",72,3,3,2,4,1,11,3,"male"
"1030","Conservative",72,4,4,2,2,3,9,2,"female"
"1031","Labour",45,3,3,4,2,4,11,0,"female"
"1032","Conservative",47,2,3,2,4,3,8,2,"female"
"1033","Conservative",35,2,3,2,3,3,10,2,"male"
"1034","Labour",34,4,4,4,2,2,7,0,"female"
"1035","Labour",39,4,3,4,2,2,3,2,"female"
"1036","Liberal Democrat",53,2,4,1,4,4,2,0,"male"
"1037","Liberal Democrat",27,3,5,2,4,4,6,2,"female"
"1038","Labour",40,4,3,4,2,4,2,2,"male"
"1039","Labour",29,4,3,4,4,2,6,3,"female"
"1040","Conservative",43,5,5,2,4,2,4,2,"female"
"1041","Conservative",59,3,3,2,4,2,4,3,"female"
"1042","Conservative",78,4,4,2,2,4,10,0,"female"
"1043","Labour",26,4,4,4,2,3,5,0,"male"
"1044","Labour",34,4,5,4,2,2,5,2,"male"
"1045","Labour",42,3,3,4,2,2,3,0,"male"
"1046","Liberal Democrat",37,1,2,4,4,4,11,0,"female"
"1047","Labour",50,1,1,4,4,2,6,0,"female"
"1048","Labour",61,4,3,4,4,4,10,0,"male"
"1049","Labour",58,4,3,2,2,4,11,0,"male"
"1050","Labour",78,4,4,4,2,3,11,0,"female"
"1051","Labour",52,3,4,2,1,4,6,0,"female"
"1052","Liberal Democrat",34,3,2,2,2,2,9,0,"female"
"1053","Labour",69,4,3,5,2,2,3,0,"male"
"1054","Conservative",69,4,4,1,5,1,11,1,"male"
"1055","Labour",54,5,4,4,2,5,6,2,"male"
"1056","Labour",79,4,3,5,1,2,3,0,"male"
"1057","Labour",30,5,5,4,5,5,9,0,"female"
"1058","Labour",52,3,3,4,1,4,11,1,"male"
"1059","Labour",37,3,4,4,2,2,8,0,"female"
"1060","Conservative",49,3,3,4,4,4,11,2,"male"
"1061","Labour",31,5,4,4,4,4,6,0,"female"
"1062","Labour",32,2,2,4,4,5,5,3,"male"
"1063","Labour",37,4,4,2,2,3,10,0,"male"
"1064","Labour",39,4,4,4,2,4,2,2,"female"
"1065","Labour",74,4,4,5,2,3,11,0,"female"
"1066","Liberal Democrat",89,3,5,4,2,2,1,0,"male"
"1067","Liberal Democrat",66,3,3,2,4,4,6,2,"male"
"1068","Liberal Democrat",83,4,5,5,2,4,3,2,"male"
"1069","Liberal Democrat",45,2,3,4,2,1,6,2,"male"
"1070","Conservative",71,3,3,4,4,2,11,2,"male"
"1071","Labour",53,3,3,4,1,5,11,2,"male"
"1072","Conservative",84,3,3,2,5,1,11,2,"female"
"1073","Labour",59,3,3,5,2,4,6,2,"male"
"1074","Liberal Democrat",69,4,4,4,5,4,11,2,"female"
"1075","Liberal Democrat",68,2,3,1,4,4,11,0,"male"
"1076","Labour",89,5,5,5,2,1,1,2,"male"
"1077","Conservative",72,3,3,4,4,2,8,3,"male"
"1078","Labour",83,4,3,4,3,4,8,0,"female"
"1079","Labour",64,4,3,2,1,5,4,2,"male"
"1080","Labour",47,3,4,4,2,2,2,2,"female"
"1081","Labour",61,4,4,5,1,4,1,2,"male"
"1082","Labour",43,4,4,2,3,3,5,0,"male"
"1083","Liberal Democrat",42,3,3,4,1,5,6,2,"female"
"1084","Labour",40,3,4,4,1,4,3,3,"male"
"1085","Conservative",68,3,1,4,5,2,9,0,"male"
"1086","Labour",24,4,1,2,2,3,7,0,"female"
"1087","Liberal Democrat",53,3,2,4,4,5,6,0,"female"
"1088","Conservative",36,3,3,2,4,4,10,2,"female"
"1089","Labour",76,4,4,5,2,2,1,0,"female"
"1090","Conservative",67,3,3,2,5,3,9,0,"male"
"1091","Liberal Democrat",58,2,2,4,2,4,4,3,"male"
"1092","Labour",70,3,3,1,5,5,3,2,"male"
"1093","Conservative",35,3,3,4,4,3,10,2,"male"
"1094","Labour",47,4,3,5,1,4,2,3,"female"
"1095","Conservative",42,4,3,4,4,3,5,0,"male"
"1096","Labour",40,4,4,4,2,2,2,2,"female"
"1097","Liberal Democrat",34,4,5,4,4,4,7,2,"female"
"1098","Labour",54,3,3,4,2,2,1,2,"female"
"1099","Conservative",39,3,2,4,4,2,9,2,"female"
"1100","Labour",60,3,3,4,1,3,6,0,"male"
"1101","Liberal Democrat",74,4,3,5,4,3,11,0,"female"
"1102","Conservative",62,3,3,2,5,3,8,0,"male"
"1103","Conservative",59,2,3,4,2,2,6,3,"female"
"1104","Labour",47,4,4,4,1,4,4,2,"female"
"1105","Liberal Democrat",49,4,3,4,2,4,8,2,"male"
"1106","Conservative",49,2,3,2,3,2,11,0,"male"
"1107","Labour",86,3,4,4,2,2,4,2,"female"
"1108","Conservative",67,4,4,4,4,4,11,2,"female"
"1109","Conservative",54,4,2,1,4,4,11,2,"female"
"1110","Conservative",85,2,3,2,2,4,8,2,"female"
"1111","Liberal Democrat",49,3,1,4,4,3,4,0,"male"
"1112","Conservative",55,3,3,4,4,3,3,0,"female"
"1113","Liberal Democrat",74,4,3,4,1,4,2,3,"male"
"1114","Conservative",70,2,2,1,2,2,11,2,"male"
"1115","Conservative",46,2,2,2,1,4,8,2,"male"
"1116","Liberal Democrat",29,4,5,4,4,2,8,0,"female"
"1117","Liberal Democrat",65,4,4,2,1,4,3,3,"female"
"1118","Liberal Democrat",49,3,2,4,2,4,2,2,"female"
"1119","Conservative",29,2,4,4,4,2,9,2,"female"
"1120","Conservative",37,3,3,4,4,2,10,2,"female"
"1121","Labour",45,4,4,4,2,5,9,3,"male"
"1122","Conservative",61,2,3,2,2,1,5,3,"male"
"1123","Labour",34,3,3,2,2,2,9,2,"male"
"1124","Labour",61,4,3,4,4,4,1,2,"female"
"1125","Liberal Democrat",38,3,2,1,5,3,5,0,"female"
"1126","Labour",37,3,3,4,2,4,6,2,"male"
"1127","Labour",28,4,4,4,2,4,10,0,"female"
"1128","Labour",61,3,3,4,2,3,6,0,"female"
"1129","Liberal Democrat",53,4,3,4,2,4,10,0,"female"
"1130","Labour",73,4,4,5,2,3,6,2,"male"
"1131","Labour",74,4,4,4,4,1,7,0,"male"
"1132","Labour",36,3,3,1,5,4,7,3,"female"
"1133","Labour",67,4,2,4,1,2,1,2,"male"
"1134","Conservative",55,4,3,4,5,2,11,2,"female"
"1135","Conservative",45,2,2,1,5,4,9,2,"male"
"1136","Labour",38,4,4,4,4,5,3,0,"female"
"1137","Conservative",52,3,3,2,4,4,11,3,"female"
"1138","Labour",70,3,3,4,2,2,4,2,"male"
"1139","Liberal Democrat",68,4,4,2,2,2,4,3,"male"
"1140","Labour",50,4,3,4,1,4,3,3,"male"
"1141","Labour",34,2,4,5,1,4,3,3,"male"
"1142","Labour",43,2,3,2,3,3,11,2,"female"
"1143","Conservative",93,4,4,5,5,2,6,2,"female"
"1144","Labour",82,3,5,5,2,3,11,0,"female"
"1145","Conservative",24,3,4,2,4,2,11,0,"male"
"1146","Labour",65,3,3,2,1,4,1,0,"female"
"1147","Labour",41,4,3,4,2,2,6,2,"male"
"1148","Labour",83,3,3,5,1,2,6,0,"female"
"1149","Labour",47,4,4,4,2,4,5,2,"female"
"1150","Labour",46,2,1,4,4,3,9,0,"female"
"1151","Labour",30,5,4,4,2,1,6,2,"male"
"1152","Labour",36,3,3,4,1,4,6,3,"male"
"1153","Conservative",44,2,2,2,2,5,7,2,"male"
"1154","Labour",57,2,3,4,2,3,6,2,"female"
"1155","Conservative",53,3,4,2,2,2,6,0,"female"
"1156","Liberal Democrat",64,3,3,4,2,4,6,0,"female"
"1157","Conservative",56,3,3,1,4,4,9,2,"female"
"1158","Liberal Democrat",49,2,3,2,4,4,6,2,"female"
"1159","Labour",87,5,3,5,4,3,4,0,"female"
"1160","Liberal Democrat",46,3,3,1,2,5,11,0,"female"
"1161","Labour",50,4,3,4,2,2,4,2,"male"
"1162","Labour",51,4,3,5,2,4,1,3,"male"
"1163","Labour",33,4,5,5,4,4,2,2,"female"
"1164","Conservative",77,2,3,2,4,1,11,2,"male"
"1165","Labour",48,4,3,4,2,4,6,3,"female"
"1166","Conservative",67,3,4,4,4,3,11,2,"female"
"1167","Liberal Democrat",27,3,4,4,4,4,2,3,"male"
"1168","Conservative",24,4,4,2,1,3,4,2,"female"
"1169","Labour",26,2,4,5,2,4,4,3,"male"
"1170","Liberal Democrat",46,4,3,4,2,4,5,2,"female"
"1171","Liberal Democrat",25,4,4,1,1,4,3,3,"female"
"1172","Labour",37,4,3,4,1,4,4,0,"male"
"1173","Conservative",24,4,5,4,4,2,6,0,"male"
"1174","Labour",32,4,4,2,2,2,11,0,"female"
"1175","Labour",54,3,3,1,2,2,11,0,"male"
"1176","Conservative",63,4,2,2,4,4,10,2,"female"
"1177","Conservative",59,4,3,2,4,2,8,2,"female"
"1178","Conservative",55,5,3,2,2,2,7,0,"female"
"1179","Conservative",36,3,4,4,4,4,10,3,"male"
"1180","Liberal Democrat",74,4,4,4,2,4,9,0,"female"
"1181","Labour",47,3,4,4,2,3,6,0,"female"
"1182","Labour",31,4,4,4,2,3,11,0,"male"
"1183","Liberal Democrat",71,1,2,2,3,3,9,0,"female"
"1184","Conservative",80,2,2,4,2,3,11,2,"female"
"1185","Conservative",61,3,3,4,2,1,6,0,"female"
"1186","Labour",42,3,3,4,4,3,10,2,"female"
"1187","Labour",39,4,4,4,1,2,11,0,"female"
"1188","Liberal Democrat",54,3,4,4,4,2,7,0,"female"
"1189","Labour",75,5,4,5,2,4,1,2,"male"
"1190","Labour",58,4,2,2,4,4,11,0,"male"
"1191","Labour",58,4,4,5,4,4,7,2,"male"
"1192","Labour",75,4,5,4,2,4,4,0,"female"
"1193","Labour",50,4,4,4,2,4,2,2,"female"
"1194","Conservative",38,4,2,1,4,3,9,2,"female"
"1195","Labour",34,3,3,2,4,5,9,2,"male"
"1196","Labour",39,3,4,4,2,2,6,3,"male"
"1197","Labour",46,3,4,5,2,1,3,2,"female"
"1198","Liberal Democrat",33,2,2,4,2,4,5,3,"female"
"1199","Conservative",71,4,2,2,4,3,11,2,"female"
"1200","Labour",49,4,3,4,2,2,4,2,"male"
"1201","Labour",63,5,2,5,2,4,1,2,"male"
"1202","Labour",57,4,4,4,3,3,11,1,"female"
"1203","Conservative",64,4,5,4,4,3,11,2,"female"
"1204","Labour",47,3,5,4,1,4,3,0,"female"
"1205","Conservative",63,3,3,2,4,2,9,2,"male"
"1206","Labour",52,4,4,4,2,4,1,2,"male"
"1207","Conservative",44,2,2,2,4,2,9,0,"female"
"1208","Liberal Democrat",64,3,3,4,2,3,4,2,"female"
"1209","Labour",45,4,4,4,2,4,6,0,"female"
"1210","Labour",36,3,3,2,2,4,6,2,"female"
"1211","Labour",47,4,5,4,2,4,2,3,"female"
"1212","Labour",37,5,5,5,2,1,4,0,"male"
"1213","Labour",57,3,3,4,2,5,3,0,"male"
"1214","Labour",54,3,2,4,2,2,7,2,"male"
"1215","Conservative",80,2,4,2,2,4,11,0,"female"
"1216","Labour",65,5,3,4,2,4,7,2,"female"
"1217","Liberal Democrat",56,3,3,2,4,4,11,2,"male"
"1218","Liberal Democrat",55,4,3,2,2,4,5,3,"male"
"1219","Conservative",66,4,4,4,4,4,9,0,"male"
"1220","Labour",71,3,3,4,2,2,2,2,"male"
"1221","Liberal Democrat",32,4,2,2,2,4,6,0,"female"
"1222","Conservative",72,2,2,1,4,1,11,2,"male"
"1223","Conservative",76,3,2,4,5,3,11,2,"male"
"1224","Conservative",71,1,1,2,4,4,9,0,"male"
"1225","Liberal Democrat",45,4,3,5,4,4,1,3,"female"
"1226","Liberal Democrat",65,3,3,4,2,4,3,0,"female"
"1227","Conservative",39,3,1,1,2,2,8,2,"female"
"1228","Labour",55,4,3,4,2,5,5,0,"female"
"1229","Liberal Democrat",62,3,3,2,2,2,8,2,"male"
"1230","Labour",70,3,3,2,2,2,5,3,"male"
"1231","Liberal Democrat",39,3,5,4,1,4,1,2,"female"
"1232","Labour",50,4,2,4,2,4,5,2,"male"
"1233","Labour",40,5,5,5,1,1,3,3,"male"
"1234","Labour",41,4,4,4,2,2,4,2,"female"
"1235","Liberal Democrat",40,2,2,4,4,5,11,3,"male"
"1236","Labour",71,3,4,5,4,4,1,2,"female"
"1237","Liberal Democrat",36,3,3,2,2,4,6,2,"female"
"1238","Labour",70,4,3,5,2,2,1,0,"female"
"1239","Labour",42,4,4,4,2,2,3,0,"female"
"1240","Conservative",69,4,3,4,4,1,8,2,"female"
"1241","Liberal Democrat",60,5,3,2,2,2,5,2,"female"
"1242","Labour",65,4,3,2,4,4,10,0,"female"
"1243","Labour",52,4,4,4,2,4,5,0,"female"
"1244","Labour",41,1,4,5,1,5,11,0,"male"
"1245","Labour",29,4,4,4,2,1,2,2,"female"
"1246","Liberal Democrat",45,3,4,4,2,5,10,0,"female"
"1247","Conservative",48,3,2,4,4,4,11,3,"female"
"1248","Liberal Democrat",55,2,4,4,2,4,3,2,"female"
"1249","Conservative",75,4,3,4,5,2,7,3,"female"
"1250","Liberal Democrat",80,4,2,2,3,4,11,0,"female"
"1251","Liberal Democrat",51,3,4,1,1,1,3,2,"female"
"1252","Labour",56,3,3,4,2,4,6,2,"female"
"1253","Labour",43,4,4,4,2,4,11,2,"male"
"1254","Labour",39,3,4,4,2,3,3,2,"female"
"1255","Conservative",59,4,3,2,4,1,11,0,"male"
"1256","Labour",34,4,4,2,2,4,11,2,"female"
"1257","Liberal Democrat",27,3,3,4,2,4,4,2,"female"
"1258","Liberal Democrat",50,3,2,4,4,1,11,2,"male"
"1259","Labour",47,4,4,4,2,4,1,2,"male"
"1260","Conservative",69,2,2,2,5,2,11,2,"female"
"1261","Liberal Democrat",77,4,4,2,2,2,1,2,"female"
"1262","Labour",74,4,4,2,4,4,11,2,"male"
"1263","Conservative",71,4,3,2,4,4,11,2,"female"
"1264","Conservative",63,4,4,4,4,3,3,2,"female"
"1265","Labour",49,4,4,4,2,2,3,2,"male"
"1266","Conservative",46,3,4,2,2,3,11,0,"male"
"1267","Conservative",43,3,2,1,4,4,11,3,"female"
"1268","Conservative",70,3,2,4,4,2,10,3,"male"
"1269","Labour",67,3,3,4,2,4,3,0,"female"
"1270","Labour",80,4,4,4,2,2,10,1,"female"
"1271","Conservative",54,2,2,2,5,2,11,2,"male"
"1272","Liberal Democrat",58,4,4,4,4,5,11,0,"male"
"1273","Labour",54,3,3,4,2,2,3,2,"female"
"1274","Labour",27,3,4,4,4,4,9,0,"female"
"1275","Labour",40,4,3,4,4,2,6,0,"male"
"1276","Labour",49,4,4,4,2,4,3,2,"female"
"1277","Labour",26,5,3,5,1,4,4,2,"female"
"1278","Liberal Democrat",51,2,2,4,4,3,8,0,"female"
"1279","Liberal Democrat",53,4,4,2,1,4,10,0,"male"
"1280","Labour",46,3,3,4,2,2,5,2,"male"
"1281","Labour",42,3,1,4,2,2,4,2,"female"
"1282","Liberal Democrat",35,4,2,4,2,4,3,2,"male"
"1283","Conservative",69,2,3,1,4,1,11,2,"female"
"1284","Labour",63,4,2,4,2,4,4,3,"male"
"1285","Labour",76,3,4,5,2,4,9,2,"male"
"1286","Labour",44,4,4,4,2,4,5,2,"male"
"1287","Conservative",66,2,2,2,4,3,11,3,"male"
"1288","Labour",85,2,3,4,2,4,11,3,"male"
"1289","Conservative",32,4,2,2,4,2,5,3,"male"
"1290","Labour",74,3,4,4,1,2,11,1,"female"
"1291","Conservative",28,3,4,4,4,2,8,2,"male"
"1292","Labour",91,4,3,4,4,3,2,3,"male"
"1293","Labour",60,5,2,5,2,2,1,2,"male"
"1294","Conservative",59,3,3,2,2,2,7,2,"female"
"1295","Labour",31,4,4,4,2,4,4,2,"male"
"1296","Labour",81,3,4,4,4,3,4,0,"female"
"1297","Labour",56,4,3,4,2,4,6,0,"male"
"1298","Liberal Democrat",28,2,4,4,4,2,7,0,"male"
"1299","Labour",69,3,3,4,2,3,11,2,"female"
"1300","Liberal Democrat",37,4,1,4,2,5,11,0,"female"
"1301","Labour",24,3,3,4,4,4,4,0,"female"
"1302","Labour",38,3,3,1,2,5,6,2,"female"
"1303","Labour",46,4,4,4,2,4,3,3,"male"
"1304","Labour",25,4,4,5,1,4,4,3,"male"
"1305","Labour",49,3,3,5,4,4,10,0,"male"
"1306","Labour",35,3,3,4,1,4,1,2,"male"
"1307","Labour",56,3,3,4,4,2,3,0,"male"
"1308","Labour",62,4,2,4,2,2,5,2,"female"
"1309","Liberal Democrat",57,4,1,2,2,4,3,2,"male"
"1310","Labour",48,3,4,4,1,2,6,0,"female"
"1311","Labour",80,4,4,4,2,2,5,2,"female"
"1312","Liberal Democrat",61,3,3,2,2,4,6,0,"female"
"1313","Conservative",52,3,3,2,4,2,10,3,"male"
"1314","Labour",32,3,3,2,4,3,6,2,"male"
"1315","Liberal Democrat",70,2,2,2,4,4,11,0,"female"
"1316","Labour",35,4,3,5,4,4,5,0,"male"
"1317","Labour",33,5,5,5,4,4,11,0,"female"
"1318","Labour",32,3,4,4,4,2,9,0,"male"
"1319","Labour",62,3,3,4,1,5,11,0,"female"
"1320","Conservative",30,3,4,2,5,2,11,2,"female"
"1321","Labour",60,3,4,2,2,4,9,2,"female"
"1322","Liberal Democrat",49,3,2,4,4,4,9,2,"male"
"1323","Labour",69,4,2,4,2,4,11,0,"female"
"1324","Liberal Democrat",67,4,3,1,4,5,11,0,"male"
"1325","Labour",39,4,3,4,2,2,8,0,"male"
"1326","Conservative",40,3,2,2,4,2,11,0,"male"
"1327","Labour",74,4,4,4,2,2,1,2,"male"
"1328","Labour",37,5,5,5,2,2,11,2,"female"
"1329","Labour",35,4,3,4,4,2,7,0,"female"
"1330","Labour",33,5,4,4,4,3,8,0,"male"
"1331","Conservative",54,3,2,2,5,2,9,3,"male"
"1332","Liberal Democrat",65,4,3,4,4,5,9,0,"male"
"1333","Liberal Democrat",49,3,4,2,4,4,7,2,"male"
"1334","Labour",72,3,3,4,2,2,11,0,"female"
"1335","Conservative",38,3,1,2,4,2,7,2,"male"
"1336","Liberal Democrat",67,4,2,2,2,4,10,1,"female"
"1337","Labour",47,3,3,5,2,4,1,2,"male"
"1338","Liberal Democrat",58,2,2,2,2,4,1,3,"female"
"1339","Liberal Democrat",31,3,5,4,2,4,3,3,"male"
"1340","Labour",34,4,5,4,1,3,6,0,"female"
"1341","Labour",42,3,3,2,2,3,11,0,"female"
"1342","Labour",67,3,3,4,2,4,6,2,"male"
"1343","Liberal Democrat",26,3,3,2,4,3,6,2,"female"
"1344","Labour",73,2,3,4,4,4,2,2,"male"
"1345","Liberal Democrat",46,2,4,4,4,1,6,2,"female"
"1346","Labour",69,3,3,2,4,5,11,2,"female"
"1347","Conservative",56,4,3,2,2,4,4,0,"female"
"1348","Conservative",66,3,5,1,5,4,8,3,"male"
"1349","Labour",54,4,4,4,2,4,1,1,"male"
"1350","Conservative",72,3,2,2,4,3,7,2,"female"
"1351","Labour",53,3,3,4,2,4,6,3,"male"
"1352","Labour",37,4,5,4,2,4,6,2,"female"
"1353","Conservative",47,4,3,4,5,2,8,0,"female"
"1354","Liberal Democrat",53,4,1,4,2,2,3,3,"female"
"1355","Conservative",69,3,3,4,4,4,9,2,"female"
"1356","Liberal Democrat",47,2,2,2,1,2,6,3,"male"
"1357","Liberal Democrat",46,4,2,2,1,4,5,2,"female"
"1358","Liberal Democrat",50,4,3,4,1,4,3,2,"female"
"1359","Conservative",65,4,4,1,4,1,11,2,"female"
"1360","Conservative",73,3,2,4,4,4,4,0,"female"
"1361","Liberal Democrat",47,3,2,4,2,4,3,3,"male"
"1362","Labour",30,3,4,4,4,2,11,0,"male"
"1363","Labour",50,3,3,4,4,2,6,0,"female"
"1364","Labour",53,5,5,4,4,3,2,2,"female"
"1365","Conservative",27,3,5,4,4,4,8,2,"male"
"1366","Conservative",65,3,3,4,5,3,11,2,"female"
"1367","Labour",39,4,4,4,4,2,7,0,"female"
"1368","Labour",69,3,3,4,2,2,11,2,"male"
"1369","Conservative",73,4,3,2,4,4,9,2,"male"
"1370","Labour",31,3,4,4,4,4,9,3,"male"
"1371","Conservative",62,2,2,2,4,2,6,2,"female"
"1372","Liberal Democrat",46,4,4,4,4,1,1,2,"male"
"1373","Labour",74,4,4,4,2,4,2,2,"male"
"1374","Conservative",50,3,2,2,2,3,11,0,"female"
"1375","Labour",51,4,4,4,2,4,6,3,"male"
"1376","Labour",50,4,3,4,1,3,11,0,"female"
"1377","Conservative",42,3,2,2,4,2,10,2,"male"
"1378","Labour",66,4,3,4,2,2,6,2,"male"
"1379","Labour",44,4,4,4,2,3,11,2,"female"
"1380","Conservative",62,3,3,2,4,2,11,2,"male"
"1381","Labour",72,4,4,4,2,3,6,0,"female"
"1382","Labour",71,4,4,2,4,4,6,0,"male"
"1383","Labour",75,5,5,5,2,4,1,2,"male"
"1384","Labour",35,5,4,2,2,3,4,0,"female"
"1385","Liberal Democrat",61,3,3,4,2,3,10,0,"male"
"1386","Labour",38,2,4,4,4,4,11,0,"male"
"1387","Labour",50,3,3,5,2,4,9,2,"female"
"1388","Conservative",53,3,2,2,1,4,4,0,"female"
"1389","Labour",84,4,5,5,2,4,11,0,"female"
"1390","Labour",57,4,4,2,2,4,6,0,"female"
"1391","Labour",69,3,3,4,2,4,10,3,"male"
"1392","Conservative",52,2,2,2,4,1,11,2,"female"
"1393","Labour",33,3,2,2,2,4,5,3,"male"
"1394","Conservative",72,2,2,2,5,2,11,2,"male"
"1395","Conservative",54,3,3,4,4,2,11,0,"female"
"1396","Labour",57,3,3,4,1,4,6,3,"male"
"1397","Labour",77,4,3,4,2,4,3,2,"male"
"1398","Conservative",58,2,1,2,4,4,4,0,"male"
"1399","Conservative",63,3,4,2,2,2,11,3,"female"
"1400","Conservative",49,3,1,2,5,4,9,3,"male"
"1401","Conservative",64,3,2,2,4,3,10,2,"female"
"1402","Liberal Democrat",55,3,3,4,2,2,3,3,"female"
"1403","Conservative",37,3,5,1,5,1,10,3,"male"
"1404","Conservative",48,3,3,2,4,1,2,2,"female"
"1405","Liberal Democrat",48,3,3,2,4,4,5,3,"male"
"1406","Labour",60,4,3,5,1,4,6,3,"male"
"1407","Labour",59,3,2,1,2,4,1,2,"male"
"1408","Conservative",67,4,3,4,2,3,11,0,"female"
"1409","Conservative",52,3,3,2,4,4,5,2,"female"
"1410","Labour",68,4,4,4,2,3,11,0,"male"
"1411","Labour",71,3,4,4,1,4,11,2,"male"
"1412","Liberal Democrat",54,3,3,2,1,4,11,0,"female"
"1413","Conservative",73,3,2,4,1,3,6,0,"male"
"1414","Labour",56,4,5,2,2,4,9,0,"female"
"1415","Labour",54,3,4,4,2,2,3,2,"female"
"1416","Conservative",63,2,3,4,4,2,6,2,"male"
"1417","Conservative",66,3,2,2,4,4,6,2,"male"
"1418","Labour",40,4,4,4,2,4,1,2,"female"
"1419","Labour",54,4,3,2,4,4,6,0,"female"
"1420","Labour",39,5,4,5,2,2,2,2,"female"
"1421","Labour",74,4,4,5,2,5,1,2,"female"
"1422","Conservative",61,3,2,2,4,3,2,0,"male"
"1423","Labour",45,4,4,4,1,4,8,2,"female"
"1424","Labour",72,4,4,5,1,4,1,2,"male"
"1425","Labour",46,3,3,2,1,2,4,3,"male"
"1426","Liberal Democrat",84,4,4,2,1,4,7,0,"male"
"1427","Labour",60,4,4,4,2,2,9,0,"female"
"1428","Labour",49,5,5,4,1,4,1,2,"female"
"1429","Labour",59,3,3,5,4,4,5,2,"male"
"1430","Labour",53,3,4,4,2,3,10,0,"male"
"1431","Labour",78,3,3,5,2,3,3,0,"female"
"1432","Labour",42,3,4,4,4,4,3,2,"female"
"1433","Labour",79,4,4,5,2,5,3,0,"male"
"1434","Liberal Democrat",59,4,3,4,1,4,8,1,"male"
"1435","Labour",66,4,4,5,4,2,11,0,"male"
"1436","Labour",54,5,3,4,2,4,8,2,"male"
"1437","Labour",62,4,1,1,1,3,1,0,"male"
"1438","Conservative",34,2,2,2,2,2,7,2,"male"
"1439","Labour",40,4,3,4,2,2,2,2,"male"
"1440","Labour",87,4,4,4,1,3,10,2,"male"
"1441","Liberal Democrat",34,3,3,2,2,4,8,2,"female"
"1442","Labour",48,3,3,5,2,3,6,2,"male"
"1443","Conservative",68,2,3,2,4,4,10,2,"female"
"1444","Labour",36,4,5,4,2,4,6,2,"female"
"1445","Labour",69,4,4,4,2,4,11,0,"female"
"1446","Labour",71,4,3,4,2,2,11,0,"male"
"1447","Liberal Democrat",75,4,4,4,2,4,4,2,"female"
"1448","Liberal Democrat",69,3,3,2,5,2,11,2,"male"
"1449","Labour",55,4,3,4,4,3,3,0,"female"
"1450","Liberal Democrat",47,4,4,4,2,4,5,0,"female"
"1451","Labour",43,4,4,4,2,3,5,0,"female"
"1452","Labour",73,4,3,4,2,2,1,3,"male"
"1453","Conservative",68,3,4,4,4,4,11,2,"male"
"1454","Labour",62,3,3,2,2,4,11,2,"female"
"1455","Conservative",42,2,2,4,5,4,9,2,"male"
"1456","Labour",86,2,4,2,3,3,11,1,"male"
"1457","Labour",44,4,3,4,1,4,4,2,"male"
"1458","Conservative",59,3,3,2,1,4,11,0,"female"
"1459","Labour",56,3,3,2,1,4,1,2,"female"
"1460","Labour",72,3,5,5,2,3,1,0,"female"
"1461","Labour",43,4,3,4,4,2,8,1,"male"
"1462","Labour",44,3,4,5,1,2,6,3,"male"
"1463","Labour",76,5,3,4,1,3,11,0,"female"
"1464","Labour",57,3,1,4,4,4,3,2,"male"
"1465","Labour",44,3,3,4,2,2,7,2,"male"
"1466","Labour",46,4,4,4,2,2,11,0,"male"
"1467","Labour",36,2,2,5,2,4,11,0,"female"
"1468","Liberal Democrat",58,3,2,4,2,2,6,2,"female"
"1469","Labour",41,3,4,4,2,4,6,2,"male"
"1470","Conservative",70,1,1,2,5,2,11,2,"male"
"1471","Labour",46,4,3,4,1,4,1,2,"male"
"1472","Labour",65,3,3,4,1,4,2,2,"male"
"1473","Labour",79,5,5,2,1,3,3,3,"male"
"1474","Labour",54,3,3,4,1,2,5,0,"female"
"1475","Labour",56,4,3,2,4,4,8,0,"male"
"1476","Labour",36,4,3,4,2,4,4,2,"male"
"1477","Labour",56,2,2,4,2,1,7,2,"male"
"1478","Labour",50,4,2,2,1,4,3,2,"male"
"1479","Liberal Democrat",42,3,3,4,2,4,4,2,"female"
"1480","Labour",79,4,4,5,1,3,3,3,"male"
"1481","Liberal Democrat",55,2,1,4,4,2,7,2,"female"
"1482","Conservative",50,3,2,2,4,4,9,2,"female"
"1483","Labour",56,2,3,4,4,2,5,2,"female"
"1484","Conservative",65,3,2,4,5,2,9,2,"female"
"1485","Liberal Democrat",48,4,2,2,4,4,3,3,"male"
"1486","Conservative",41,2,2,2,4,4,11,0,"female"
"1487","Labour",79,3,3,5,4,4,1,2,"male"
"1488","Labour",49,4,4,4,2,4,3,3,"male"
"1489","Labour",77,5,4,5,4,4,2,2,"male"
"1490","Conservative",60,4,3,2,4,1,10,0,"female"
"1491","Conservative",54,3,3,2,4,4,1,1,"female"
"1492","Labour",64,3,3,4,1,3,11,0,"male"
"1493","Conservative",50,2,3,2,4,4,6,2,"female"
"1494","Liberal Democrat",34,3,1,4,2,3,6,2,"female"
"1495","Conservative",78,3,3,2,2,1,6,2,"female"
"1496","Liberal Democrat",46,3,2,1,4,4,9,2,"male"
"1497","Labour",41,4,5,5,4,4,5,2,"female"
"1498","Labour",65,4,3,4,2,2,6,2,"female"
"1499","Labour",65,3,3,2,2,3,1,3,"female"
"1500","Conservative",79,2,2,2,4,4,11,0,"female"
"1501","Labour",67,2,3,4,2,3,4,0,"female"
"1502","Conservative",44,3,1,4,2,5,9,3,"female"
"1503","Labour",31,4,3,4,4,5,5,3,"female"
"1504","Conservative",54,5,2,4,2,4,6,2,"female"
"1505","Liberal Democrat",63,3,2,4,1,2,3,3,"male"
"1506","Liberal Democrat",75,3,2,4,4,4,6,2,"male"
"1507","Labour",62,3,3,4,1,1,6,2,"male"
"1508","Conservative",52,2,1,1,4,4,8,2,"female"
"1509","Conservative",70,2,2,4,2,4,11,2,"male"
"1510","Labour",67,3,3,5,2,3,4,2,"female"
"1511","Labour",73,4,3,4,2,1,11,0,"male"
"1512","Labour",63,3,3,4,2,2,8,2,"female"
"1513","Conservative",75,3,3,2,4,4,7,1,"male"
"1514","Labour",46,3,3,4,2,2,4,2,"male"
"1515","Labour",74,3,3,5,2,4,11,0,"female"
"1516","Conservative",82,2,2,2,1,4,11,2,"female"
"1517","Labour",30,3,4,4,2,2,4,2,"male"
"1518","Labour",76,4,3,2,2,3,11,2,"male"
"1519","Labour",50,3,4,4,2,3,5,2,"male"
"1520","Conservative",35,3,4,4,2,4,8,2,"male"
"1521","Conservative",67,5,3,2,4,4,11,3,"male"
"1522","Conservative",73,2,2,4,4,4,8,2,"male"
"1523","Labour",37,3,3,5,4,4,2,2,"male"
"1524","Conservative",61,3,3,1,4,1,11,2,"male"
"1525","Conservative",74,2,3,2,4,4,11,0,"female"
