species,name,age,weight
Horned lark,Darill,7,8
"Turaco, violet-crested",Smith,4,2
"Heron, grey",Jeremiah,16,28
Ring-tailed lemur,Rafi,4,28
Roe deer,Muffin,15,8
Crown of thorns starfish,Cybill,10,8
"Lion, california sea",Demetrius,19,4
"Fox, silver-backed",Emilio,19,6
"Seal, southern elephant",Anders,6,3
Huron,Basilius,12,16
Common seal,Tammie,12,21
Black-footed ferret,Pamelina,19,6
Blue and yellow macaw,Lilian,1,13
European spoonbill,Jaimie,2,33
Black-winged stilt,Hart,17,27
Palm squirrel,Muffin,16,10
Grison,Petronilla,19,25
Blackbuck,Arlen,16,9
"White-eye, cape",Papageno,15,38
"Rattlesnake, eastern diamondback",Abram,20,29
Blue and yellow macaw,Reeva,9,14
Bird (unidentified),Nicolle,17,33
"Brocket, red",Courtnay,17,31
"Hoopoe, eurasian",Aretha,15,29
"Stork, yellow-billed",Richard,7,15
Long-necked turtle,Tatiana,10,12
Pacific gull,Ingmar,7,34
"Lorikeet, scaly-breasted",Cicely,6,33
"Heron, little",Norry,14,29
Blue and yellow macaw,Nick,5,8
Orca,Selina,14,0
Common seal,Sharla,17,6
Puku,Perle,11,3
"Grouse, greater sage",Marylin,15,5
"Cat, tiger",Kimmie,15,30
Toddy cat,Bondie,5,14
"Penguin, little blue",Edie,0,9
"Beaver, north american",Alisha,2,0
Four-spotted skimmer,Hardy,4,31
Arctic ground squirrel,Staffard,1,16
"Dolphin, bottle-nose",Laurie,0,40
"Plover, blacksmith",Aldis,11,17
Long-billed corella,Jolynn,17,25
Whip-tailed wallaby,Amaleta,13,32
"Wapiti, elk,",Helen,11,32
"Rhinoceros, square-lipped",Vivyan,13,39
Snowy egret,Dorri,5,9
"Capuchin, black-capped",Gilberto,16,11
"Mongoose, javan gold-spotted",Aylmer,5,19
Lapwing (unidentified),Lorry,16,3
Vine snake (unidentified),Darbee,15,7
Yellow mongoose,Kirk,18,28
"Cockatoo, red-tailed",Felisha,8,4
"Bat, asian false vampire",Roanne,15,17
Black-capped chickadee,Cosmo,13,35
"Hoopoe, eurasian",Paten,7,1
Denham's bustard,Miltie,8,2
Azara's zorro,Jenilee,6,20
"Bear, black",Konstantine,19,32
"Francolin, coqui",Drusy,16,18
"Badger, european",Livvy,11,14
Egyptian viper,Neils,19,40
Moose,Ode,15,37
"Fox, arctic",Jacynth,12,2
"Oryx, fringe-eared",Saundra,11,32
Gerbil (unidentified),Nathalie,8,19
"Owl, white-browed",Vivie,19,8
Andean goose,Orson,7,6
Lesser masked weaver,Erik,18,3
Cape fox,Cordey,0,35
Red-shouldered glossy starling,Everett,14,26
"Sunbird, lesser double-collared",Miguel,3,31
American bison,Ailis,7,32
Oriental short-clawed otter,Chad,0,6
Dusky rattlesnake,Ingeborg,2,33
White-throated robin,Haleigh,8,23
"Kangaroo, jungle",Base,11,29
Lappet-faced vulture,Tibold,15,15
Musk ox,Vanya,14,32
Purple grenadier,Libbey,15,21
South American puma,Regine,15,38
"Fox, savanna",Charity,1,21
Greater adjutant stork,Rozamond,12,3
"Deer, swamp",Caresa,10,14
Eastern boa constrictor,Ibby,9,28
Mourning collared dove,Leia,8,25
Frog (unidentified),Gerrie,6,8
Waved albatross,Tallie,13,29
Red howler monkey,Alexander,2,39
"Seal, common",Kendell,6,9
"Tortoise, radiated",Allin,7,40
"Rhinoceros, white",Hewett,7,36
"Waxbill, black-cheeked",Hyacintha,5,5
"Sheep, american bighorn",Ambrosi,16,7
Common palm civet,Velma,5,23
Stick insect,Gav,0,9
White-winged dove,Valerye,17,28
"Turtle, long-necked",Mayor,19,38
"Heron, yellow-crowned night",Merv,15,19
Crown of thorns starfish,Nicole,3,36
Puna ibis,Hana,5,30
Feathertail glider,Pryce,3,37
"Iguana, land",Ricca,19,18
"Rat, desert kangaroo",Livvy,8,5
Long-billed cockatoo,Gypsy,11,6
Hanuman langur,Nadine,18,24
"Sheep, stone",Marybeth,6,6
Galapagos hawk,Cindie,7,22
"Lion, mountain",Puff,19,5
Honey badger,Bettina,6,24
Blue shark,Loralee,20,4
Long-necked turtle,Maryrose,2,3
Bush dog,Shel,16,32
"Dove, laughing",Aylmar,1,2
Asian red fox,Reeba,1,26
"Penguin, galapagos",Anni,2,22
"Shrike, common boubou",Joan,20,7
Pied avocet,Jan,8,11
"Lizard, giant girdled",Harlin,19,28
Cape raven,Mabel,4,24
"Armadillo, seven-banded",Hillary,7,36
Common nighthawk,Ava,16,23
Long-necked turtle,Tyrone,8,31
Tawny frogmouth,Darda,6,2
Mocking cliffchat,Rae,15,1
Polar bear,Mellisa,8,39
Golden brush-tailed possum,Jens,18,36
"Wallaby, bennett's",Terrel,8,17
"Shrike, crimson-breasted",Nick,1,0
"Coatimundi, white-nosed",Cass,11,39
"Capuchin, black-capped",Rolando,1,17
"Beaver, north american",Trula,12,14
"Chickadee, black-capped",Alfi,1,9
"Kangaroo, jungle",Dredi,8,22
Eastern boa constrictor,Ronnie,4,28
"Badger, american",Curcio,19,25
"Bandicoot, southern brown",Freddy,3,13
"Quail, gambel's",Rey,16,32
"Jackal, silver-backed",Omero,16,33
"Snake, tiger",Miquela,14,17
Pig-tailed macaque,Pebrook,18,6
"Cormorant, javanese",Cosmo,11,15
Comb duck,Arnoldo,11,34
"Whale, southern right",Kylie,3,3
Snake (unidentified),Nevile,6,11
"Heron, goliath",Kipper,18,15
"Dove, emerald-spotted wood",Nigel,20,7
Leadbeateri's ground hornbill,Cassy,4,34
Ring-tailed possum,Hart,10,18
"Mouse, four-striped grass",Elton,11,19
Greater adjutant stork,Nita,8,3
"Owl, great horned",Mitchael,11,11
South American meadowlark (unidentified),Michele,18,6
Tokay gecko,Meridith,0,32
Asian lion,Dorella,3,20
Huron,Giustina,14,3
"Pelican, brown",Cecelia,10,18
Burmese black mountain tortoise,Hildagard,17,23
"Siskin, yellow-rumped",Kylen,13,30
"Fox, savanna",Emmalynn,14,11
Common seal,Nariko,19,37
"Brocket, brown",Sisile,3,22
"Heron, giant",Menard,18,29
"Rhea, gray",Chrissie,9,21
Frilled lizard,Thorn,14,35
White stork,Adolphe,3,22
"Lemur, lesser mouse",Silvain,1,34
Snow goose,Tamar,18,33
"Deer, black-tailed",Mozelle,13,2
White-browed owl,Kameko,14,38
Koala,Sherwood,15,23
"Crow, american",Demetra,18,36
"Crocodile, nile",Dorothy,20,10
Jungle kangaroo,Annamarie,9,28
Nelson ground squirrel,Annmarie,6,9
"Heron, green",Jacquelynn,0,34
Tailless tenrec,Rosalia,15,28
"Cockatoo, slender-billed",Jerrylee,20,13
Spectacled caiman,Augusta,6,27
"Iguana, land",Quinta,6,7
"Gecko, bent-toed",Winnifred,16,10
Great kiskadee,Annemarie,3,37
Bengal vulture,Hieronymus,19,21
Grison,Elsa,15,4
"Hawk-eagle, crowned",Carissa,2,9
"Dove, little brown",Jordan,14,26
"Cormorant, king",Eryn,14,12
Roseat flamingo,Caspar,12,21
"Puffin, horned",Neile,8,19
"Buffalo, african",Bradney,3,27
Malleefowl,Loralee,0,30
"Starling, superb",Aeriela,5,33
Asian water dragon,Vanni,20,15
North American beaver,Cchaddie,14,31
"Tortoise, galapagos",Gael,5,18
"Monkey, red howler",Loraine,4,8
Eastern indigo snake,Louella,16,1
"Openbill, asian",Filbert,19,3
"Lorikeet, scaly-breasted",Fred,1,8
"Goose, canada",Joice,5,30
