Name,Age,Gender,BloodGroup,Weight(kg),Height(m),SystolicBloodPressure(mmHg),DiastolicBloodPressure(mmHg),Temperature(F),Diabetes
P.Lee,35,Female,ARh+,50,1.52,68,112,98.7,0
R.Jones,52,Male,ORh-,115,1.77,110,154,98.5,1
J.Smith,45,Male,ORh+,96,1.83,88,136,98.8,0
A.Patel,70,,ORh-,41,1.55,76,125,98.6,0
M.Owen,24,Male,ARh-,79,1.82,65,105,98.7,0
S.Green,43,Male,ORh-,109,1.89,114,159,98.9,1
N.Cook,68,Male,ARh+,73,1.76,108,136,99.0,0
W.Hands,77,Female,ORh-,104,1.71,107,145,98.3,1
P.Rice,45,Female,ORh+,64,,101,132,98.6,0
F.Marsh,28,Male,ORh+,136,1.78,121,165,98.7,1

